run,step,image_index,output_key,identity,prompt,id_sim,mask_iou,face_count
PM0,0,0,Reading pa_eddie.png,eddie,"Reading paper man img, park bench, calm face, grey overcoat",0.5328614711761475,0.713902966525711,1.0
PM0,0,1,Rushing ma_eddie.png,eddie,"Rushing man img portrait, subway platform, anxious face, swinging briefcase",0.5466399192810059,0.922409200968523,2.0
PM0,0,2,Skiing man_eddie.png,eddie,"Skiing man img, snowy slope, fearless grin, orange goggles",0.30269837379455566,0.7627424419294226,1.0
PM0,0,3,Drumming m_eddie.png,eddie,"Drumming man img, rock concert in rain, passionate angry face, black t-shirt",0.5548802018165588,0.8545688545688546,1.0
PM0,0,4,Kickboxing_eddie.png,eddie,"Kickboxing man img, gym ring, fierce roar face, sweatband",0.5698301792144775,0.840619588680409,1.0
PM0,0,5,Dancing ma_eddie.png,eddie,"Dancing man img, neon club, euphoric face, silver jumpsuit",0.3314996361732483,0.34146341463414637,1.0
PM0,0,6,Angry man _eddie.png,eddie,"Angry man img, traffic jam, scowling face, dark suit",0.5608930587768555,0.8427741315162409,1.0
PM0,0,7,Crying man_eddie.png,eddie,"Crying man img, stormy alley, tearful face, ripped jeans",0.5503782629966736,0.8064787205204662,1.0
PM0,0,8,Laughing m_eddie.png,eddie,"Laughing man img, carnival wheel, carefree laugh, polka-dot shirt",0.510086178779602,0.7930397763701177,1.0
PM0,0,9,Jumping ma_eddie.png,eddie,"Jumping man img, beach sunset, ecstatic face, blue tank top",0.3651691675186157,0.9111364748084135,1.0
PM0,0,10,Night-ride_eddie.png,eddie,"Night-ride biker man img, neon city, excited face, reflective vest",0.5594465732574463,0.8060170262005124,1.0
PM0,0,11,Chef man i_eddie.png,eddie,"Chef man img, bustling kitchen, proud grin, tall white toque",0.5368139743804932,0.8220255653883972,2.0
PM0,0,12,Reading pa_elon.png,elon,"Reading paper man img, park bench, calm face, grey overcoat",0.6515654921531677,0.9038629001358459,1.0
PM0,0,13,Rushing ma_elon.png,elon,"Rushing man img portrait, subway platform, anxious face, swinging briefcase",0.6113142371177673,0.9023868354688336,1.0
PM0,0,14,Skiing man_elon.png,elon,"Skiing man img, snowy slope, fearless grin, orange goggles",0.4440070390701294,0.93253734581293,1.0
PM0,0,15,Drumming m_elon.png,elon,"Drumming man img, rock concert in rain, passionate angry face, black t-shirt",0.6491946578025818,0.8771159126178822,1.0
PM0,0,16,Kickboxing_elon.png,elon,"Kickboxing man img, gym ring, fierce roar face, sweatband",0.6553789377212524,0.8744124305599753,1.0
PM0,0,17,Dancing ma_elon.png,elon,"Dancing man img, neon club, euphoric face, silver jumpsuit",0.46260109543800354,0.9056728961627778,1.0
PM0,0,18,Angry man _elon.png,elon,"Angry man img, traffic jam, scowling face, dark suit",0.6221492290496826,0.9008713999945195,1.0
PM0,0,19,Crying man_elon.png,elon,"Crying man img, stormy alley, tearful face, ripped jeans",0.5777297616004944,0.9341982307500623,1.0
PM0,0,20,Laughing m_elon.png,elon,"Laughing man img, carnival wheel, carefree laugh, polka-dot shirt",0.6224353313446045,0.8808004140072452,1.0
PM0,0,21,Jumping ma_elon.png,elon,"Jumping man img, beach sunset, ecstatic face, blue tank top",0.4846378564834595,0.7710775314221155,1.0
PM0,0,22,Night-ride_elon.png,elon,"Night-ride biker man img, neon city, excited face, reflective vest",0.6005209684371948,0.938977223893425,1.0
PM0,0,23,Chef man i_elon.png,elon,"Chef man img, bustling kitchen, proud grin, tall white toque",0.6710518598556519,0.8281889178133135,2.0
PM0,0,24,Reading pa_jennie.png,jennie,"Reading paper woman img, park bench, calm face, grey overcoat",0.6863403916358948,0.9494163424124513,1.0
PM0,0,25,Rushing wo_jennie.png,jennie,"Rushing woman img portrait, subway platform, anxious face, swinging briefcase",0.695376992225647,0.9271814739808047,1.0
PM0,0,26,Skiing wom_jennie.png,jennie,"Skiing woman img, snowy slope, fearless grin, orange goggles",0.6633578538894653,0.9505841121495328,1.0
PM0,0,27,Drumming w_jennie.png,jennie,"Drumming woman img, rock concert in rain, passionate angry face, black t-shirt",0.6516895890235901,0.8865132504360547,1.0
PM0,0,28,Kickboxing_jennie.png,jennie,"Kickboxing woman img, gym ring, fierce roar face, sweatband",0.6341953277587891,0.8938464995345553,1.0
PM0,0,29,Dancing wo_jennie.png,jennie,"Dancing woman img, neon club, euphoric face, silver jumpsuit",0.5703200101852417,0.933753458346142,1.0
PM0,0,30,Angry woma_jennie.png,jennie,"Angry woman img, traffic jam, scowling face, dark suit",0.7079390287399292,0.9388495735801125,1.0
PM0,0,31,Crying wom_jennie.png,jennie,"Crying woman img, stormy alley, tearful face, ripped jeans",0.6516962051391602,0.8992489750921556,1.0
PM0,0,32,Laughing w_jennie.png,jennie,"Laughing woman img, carnival wheel, carefree laugh, polka-dot shirt",0.6198707222938538,0.960180777664866,1.0
PM0,0,33,Jumping wo_jennie.png,jennie,"Jumping woman img, beach sunset, ecstatic face, blue tank top",0.48830360174179077,0.9658667461618721,1.0
PM0,0,34,Night-ride_jennie.png,jennie,"Night-ride biker woman img, neon city, excited face, reflective vest",0.6674176454544067,0.833701109725287,1.0
PM0,0,35,Chef woman_jennie.png,jennie,"Chef woman img, bustling kitchen, proud grin, tall white toque",0.6529825925827026,0.8380059455751201,2.0
PM0,0,36,Reading pa_jensen.png,jensen,"Reading paper man img, park bench, calm face, grey overcoat",0.7034577131271362,0.8720248181652285,1.0
PM0,0,37,Rushing ma_jensen.png,jensen,"Rushing man img portrait, subway platform, anxious face, swinging briefcase",0.687419056892395,0.8373885195912066,1.0
PM0,0,38,Skiing man_jensen.png,jensen,"Skiing man img, snowy slope, fearless grin, orange goggles",0.4862791895866394,0.7715870997572535,1.0
PM0,0,39,Drumming m_jensen.png,jensen,"Drumming man img, rock concert in rain, passionate angry face, black t-shirt",0.6630605459213257,0.8738730596289852,1.0
PM0,0,40,Kickboxing_jensen.png,jensen,"Kickboxing man img, gym ring, fierce roar face, sweatband",0.5750809907913208,0.8095619998906367,1.0
PM0,0,41,Dancing ma_jensen.png,jensen,"Dancing man img, neon club, euphoric face, silver jumpsuit",0.492095023393631,0.796364271980423,1.0
PM0,0,42,Angry man _jensen.png,jensen,"Angry man img, traffic jam, scowling face, dark suit",0.6200634241104126,0.8883416561488229,1.0
PM0,0,43,Crying man_jensen.png,jensen,"Crying man img, stormy alley, tearful face, ripped jeans",0.658587634563446,0.8011949720985289,1.0
PM0,0,44,Laughing m_jensen.png,jensen,"Laughing man img, carnival wheel, carefree laugh, polka-dot shirt",0.651931643486023,0.8942259519038076,1.0
PM0,0,45,Jumping ma_jensen.png,jensen,"Jumping man img, beach sunset, ecstatic face, blue tank top",0.5405723452568054,0.8600895115781281,1.0
PM0,0,46,Night-ride_jensen.png,jensen,"Night-ride biker man img, neon city, excited face, reflective vest",0.47840744256973267,0.9280218100285365,1.0
PM0,0,47,Chef man i_jensen.png,jensen,"Chef man img, bustling kitchen, proud grin, tall white toque",0.5365877747535706,0.8648335745296671,2.0
PM0,0,48,Reading pa_jisoo.png,jisoo,"Reading paper woman img, park bench, calm face, grey overcoat",0.6636692881584167,0.8979312277206145,1.0
PM0,0,49,Rushing wo_jisoo.png,jisoo,"Rushing woman img portrait, subway platform, anxious face, swinging briefcase",0.6594105362892151,0.8368098159509203,2.0
PM0,0,50,Skiing wom_jisoo.png,jisoo,"Skiing woman img, snowy slope, fearless grin, orange goggles",0.6009255647659302,0.9294107114881046,1.0
PM0,0,51,Drumming w_jisoo.png,jisoo,"Drumming woman img, rock concert in rain, passionate angry face, black t-shirt",0.6193797588348389,0.8599890455976996,2.0
PM0,0,52,Kickboxing_jisoo.png,jisoo,"Kickboxing woman img, gym ring, fierce roar face, sweatband",0.6730961203575134,0.8887961452365596,1.0
PM0,0,53,Dancing wo_jisoo.png,jisoo,"Dancing woman img, neon club, euphoric face, silver jumpsuit",0.522793710231781,0.9078688524590164,1.0
PM0,0,54,Angry woma_jisoo.png,jisoo,"Angry woman img, traffic jam, scowling face, dark suit",0.693059504032135,0.90059396387976,1.0
PM0,0,55,Crying wom_jisoo.png,jisoo,"Crying woman img, stormy alley, tearful face, ripped jeans",0.6539179086685181,0.8595112103508397,1.0
PM0,0,56,Laughing w_jisoo.png,jisoo,"Laughing woman img, carnival wheel, carefree laugh, polka-dot shirt",0.5785706639289856,0.8802083333333334,1.0
PM0,0,57,Jumping wo_jisoo.png,jisoo,"Jumping woman img, beach sunset, ecstatic face, blue tank top",0.48473596572875977,0.8985495568090249,1.0
PM0,0,58,Night-ride_jisoo.png,jisoo,"Night-ride biker woman img, neon city, excited face, reflective vest",0.66497403383255,0.884113584036838,1.0
PM0,0,59,Chef woman_jisoo.png,jisoo,"Chef woman img, bustling kitchen, proud grin, tall white toque",0.7287644147872925,0.8972879771822679,2.0
PM0,0,60,Reading pa_keanu.png,keanu,"Reading paper man img, park bench, calm face, grey overcoat",0.5957586765289307,0.8912603132256312,1.0
PM0,0,61,Rushing ma_keanu.png,keanu,"Rushing man img portrait, subway platform, anxious face, swinging briefcase",0.6552276015281677,0.8961502177537122,2.0
PM0,0,62,Skiing man_keanu.png,keanu,"Skiing man img, snowy slope, fearless grin, orange goggles",0.4015018045902252,0.7561719557287452,1.0
PM0,0,63,Drumming m_keanu.png,keanu,"Drumming man img, rock concert in rain, passionate angry face, black t-shirt",0.6095564365386963,0.8565681786655569,1.0
PM0,0,64,Kickboxing_keanu.png,keanu,"Kickboxing man img, gym ring, fierce roar face, sweatband",0.5500866174697876,0.8909159707019109,1.0
PM0,0,65,Dancing ma_keanu.png,keanu,"Dancing man img, neon club, euphoric face, silver jumpsuit",0.433503657579422,0.8224729449689155,1.0
PM0,0,66,Angry man _keanu.png,keanu,"Angry man img, traffic jam, scowling face, dark suit",0.6097842454910278,0.875766135479401,1.0
PM0,0,67,Crying man_keanu.png,keanu,"Crying man img, stormy alley, tearful face, ripped jeans",0.6151868104934692,0.7716268805067471,1.0
PM0,0,68,Laughing m_keanu.png,keanu,"Laughing man img, carnival wheel, carefree laugh, polka-dot shirt",0.5088990926742554,0.8599039879514292,1.0
PM0,0,69,Jumping ma_keanu.png,keanu,"Jumping man img, beach sunset, ecstatic face, blue tank top",0.3536025285720825,0.6950779390309453,1.0
PM0,0,70,Night-ride_keanu.png,keanu,"Night-ride biker man img, neon city, excited face, reflective vest",0.51972496509552,0.8552804198097737,1.0
PM0,0,71,Chef man i_keanu.png,keanu,"Chef man img, bustling kitchen, proud grin, tall white toque",0.5505295991897583,0.7827514005998528,2.0
PM0,0,72,Reading pa_lex.png,lex,"Reading paper man img, park bench, calm face, grey overcoat",0.49838513135910034,0.8734259818731118,1.0
PM0,0,73,Rushing ma_lex.png,lex,"Rushing man img portrait, subway platform, anxious face, swinging briefcase",0.5875988602638245,0.9335958718087995,1.0
PM0,0,74,Skiing man_lex.png,lex,"Skiing man img, snowy slope, fearless grin, orange goggles",0.39302030205726624,0.8283887288314243,1.0
PM0,0,75,Drumming m_lex.png,lex,"Drumming man img, rock concert in rain, passionate angry face, black t-shirt",0.4888283312320709,0.9518046456223943,1.0
PM0,0,76,Kickboxing_lex.png,lex,"Kickboxing man img, gym ring, fierce roar face, sweatband",0.5832672715187073,0.9033575317604355,1.0
PM0,0,77,Dancing ma_lex.png,lex,"Dancing man img, neon club, euphoric face, silver jumpsuit",0.301414430141449,0.8912261495151704,1.0
PM0,0,78,Angry man _lex.png,lex,"Angry man img, traffic jam, scowling face, dark suit",0.6029689908027649,0.9050823192555476,1.0
PM0,0,79,Crying man_lex.png,lex,"Crying man img, stormy alley, tearful face, ripped jeans",0.5143128037452698,0.888148667601683,1.0
PM0,0,80,Laughing m_lex.png,lex,"Laughing man img, carnival wheel, carefree laugh, polka-dot shirt",0.5581978559494019,0.9359904344360302,1.0
PM0,0,81,Jumping ma_lex.png,lex,"Jumping man img, beach sunset, ecstatic face, blue tank top",0.299343466758728,0.9227494388110535,1.0
PM0,0,82,Night-ride_lex.png,lex,"Night-ride biker man img, neon city, excited face, reflective vest",0.606451690196991,0.8784553555827364,1.0
PM0,0,83,Chef man i_lex.png,lex,"Chef man img, bustling kitchen, proud grin, tall white toque",0.2595035433769226,0.8530909090909091,2.0
PM0,0,84,Reading pa_marion.png,marion,"Reading paper woman img, park bench, calm face, grey overcoat",0.5469847321510315,0.85984713476694,1.0
PM0,0,85,Rushing wo_marion.png,marion,"Rushing woman img portrait, subway platform, anxious face, swinging briefcase",0.5441032648086548,0.9047608863033622,1.0
PM0,0,86,Skiing wom_marion.png,marion,"Skiing woman img, snowy slope, fearless grin, orange goggles",0.420246958732605,0.9113839425614741,1.0
PM0,0,87,Drumming w_marion.png,marion,"Drumming woman img, rock concert in rain, passionate angry face, black t-shirt",0.5780928134918213,0.9210772833723654,1.0
PM0,0,88,Kickboxing_marion.png,marion,"Kickboxing woman img, gym ring, fierce roar face, sweatband",0.5034130811691284,0.9015172801348693,1.0
PM0,0,89,Dancing wo_marion.png,marion,"Dancing woman img, neon club, euphoric face, silver jumpsuit",0.4751450717449188,0.8774193548387097,1.0
PM0,0,90,Angry woma_marion.png,marion,"Angry woman img, traffic jam, scowling face, dark suit",0.5514786243438721,0.9122422915526364,1.0
PM0,0,91,Crying wom_marion.png,marion,"Crying woman img, stormy alley, tearful face, ripped jeans",0.5780469179153442,0.7600133511348465,1.0
PM0,0,92,Laughing w_marion.png,marion,"Laughing woman img, carnival wheel, carefree laugh, polka-dot shirt",0.34422555565834045,0.8915596831466812,1.0
PM0,0,93,Jumping wo_marion.png,marion,"Jumping woman img, beach sunset, ecstatic face, blue tank top",0.32217171788215637,0.8665183537263627,1.0
PM0,0,94,Night-ride_marion.png,marion,"Night-ride biker woman img, neon city, excited face, reflective vest",0.5839118361473083,0.7595092228254553,1.0
PM0,0,95,Chef woman_marion.png,marion,"Chef woman img, bustling kitchen, proud grin, tall white toque",0.5871175527572632,0.8866074064355299,3.0
CL27,16000,0,Reading pa_eddie.png,eddie,"Reading paper man img, park bench, calm face, grey overcoat",0.6647815108299255,0.859545875810936,1.0
CL27,16000,1,Rushing ma_eddie.png,eddie,"Rushing man img portrait, subway platform, anxious face, swinging briefcase",0.6330103874206543,0.8250975900516584,1.0
CL27,16000,2,Skiing man_eddie.png,eddie,"Skiing man img, snowy slope, fearless grin, orange goggles",0.461208701133728,0.8867537585753904,1.0
CL27,16000,3,Drumming m_eddie.png,eddie,"Drumming man img, rock concert in rain, passionate angry face, black t-shirt",0.6060115694999695,0.9368076360342785,1.0
CL27,16000,4,Kickboxing_eddie.png,eddie,"Kickboxing man img, gym ring, fierce roar face, sweatband",0.6496163010597229,0.9073066738856412,1.0
CL27,16000,5,Dancing ma_eddie.png,eddie,"Dancing man img, neon club, euphoric face, silver jumpsuit",0.41495558619499207,0.44831880448318806,1.0
CL27,16000,6,Angry man _eddie.png,eddie,"Angry man img, traffic jam, scowling face, dark suit",0.5868722796440125,0.9112250404749056,1.0
CL27,16000,7,Crying man_eddie.png,eddie,"Crying man img, stormy alley, tearful face, ripped jeans",0.6128122210502625,0.9273159521356684,1.0
CL27,16000,8,Laughing m_eddie.png,eddie,"Laughing man img, carnival wheel, carefree laugh, polka-dot shirt",0.4800444543361664,0.8538911585930049,1.0
CL27,16000,9,Jumping ma_eddie.png,eddie,"Jumping man img, beach sunset, ecstatic face, blue tank top",0.33318689465522766,0.9458108536972389,1.0
CL27,16000,10,Night-ride_eddie.png,eddie,"Night-ride biker man img, neon city, excited face, reflective vest",0.6349056363105774,0.8425853785222699,1.0
CL27,16000,11,Chef man i_eddie.png,eddie,"Chef man img, bustling kitchen, proud grin, tall white toque",0.6068124175071716,0.9012304622547389,2.0
CL27,16000,12,Reading pa_elon.png,elon,"Reading paper man img, park bench, calm face, grey overcoat",0.6575918793678284,0.9648072020200789,1.0
CL27,16000,13,Rushing ma_elon.png,elon,"Rushing man img portrait, subway platform, anxious face, swinging briefcase",0.6562016010284424,0.961895389827975,1.0
CL27,16000,14,Skiing man_elon.png,elon,"Skiing man img, snowy slope, fearless grin, orange goggles",0.38489341735839844,0.9585827008592731,1.0
CL27,16000,15,Drumming m_elon.png,elon,"Drumming man img, rock concert in rain, passionate angry face, black t-shirt",0.5961872339248657,0.979858464888405,1.0
CL27,16000,16,Kickboxing_elon.png,elon,"Kickboxing man img, gym ring, fierce roar face, sweatband",0.5999470949172974,0.9358627325785304,1.0
CL27,16000,17,Dancing ma_elon.png,elon,"Dancing man img, neon club, euphoric face, silver jumpsuit",0.46525928378105164,0.8641304347826086,1.0
CL27,16000,18,Angry man _elon.png,elon,"Angry man img, traffic jam, scowling face, dark suit",0.6201322078704834,0.9425452139391266,1.0
CL27,16000,19,Crying man_elon.png,elon,"Crying man img, stormy alley, tearful face, ripped jeans",0.5684207677841187,0.9721131186174391,1.0
CL27,16000,20,Laughing m_elon.png,elon,"Laughing man img, carnival wheel, carefree laugh, polka-dot shirt",0.6024883389472961,0.9586561436536094,1.0
CL27,16000,21,Jumping ma_elon.png,elon,"Jumping man img, beach sunset, ecstatic face, blue tank top",0.4872300922870636,0.9188235294117647,1.0
CL27,16000,22,Night-ride_elon.png,elon,"Night-ride biker man img, neon city, excited face, reflective vest",0.6747898459434509,0.917902450827889,1.0
CL27,16000,23,Chef man i_elon.png,elon,"Chef man img, bustling kitchen, proud grin, tall white toque",0.6131205558776855,0.9053965245831487,2.0
CL27,16000,24,Reading pa_jennie.png,jennie,"Reading paper woman img, park bench, calm face, grey overcoat",0.6095638275146484,0.9087355872581591,1.0
CL27,16000,25,Rushing wo_jennie.png,jennie,"Rushing woman img portrait, subway platform, anxious face, swinging briefcase",0.6409643292427063,0.9615451238524164,1.0
CL27,16000,26,Skiing wom_jennie.png,jennie,"Skiing woman img, snowy slope, fearless grin, orange goggles",0.6442736387252808,0.9499403505551987,1.0
CL27,16000,27,Drumming w_jennie.png,jennie,"Drumming woman img, rock concert in rain, passionate angry face, black t-shirt",0.628193736076355,0.9253683536194747,1.0
CL27,16000,28,Kickboxing_jennie.png,jennie,"Kickboxing woman img, gym ring, fierce roar face, sweatband",0.6628699898719788,0.9726488433826318,1.0
CL27,16000,29,Dancing wo_jennie.png,jennie,"Dancing woman img, neon club, euphoric face, silver jumpsuit",0.46868449449539185,0.9432846850175504,1.0
CL27,16000,30,Angry woma_jennie.png,jennie,"Angry woman img, traffic jam, scowling face, dark suit",0.6607664823532104,0.9073085007408428,1.0
CL27,16000,31,Crying wom_jennie.png,jennie,"Crying woman img, stormy alley, tearful face, ripped jeans",0.6241850852966309,0.9622506731139073,1.0
CL27,16000,32,Laughing w_jennie.png,jennie,"Laughing woman img, carnival wheel, carefree laugh, polka-dot shirt",0.5281456112861633,0.9380647493158465,1.0
CL27,16000,33,Jumping wo_jennie.png,jennie,"Jumping woman img, beach sunset, ecstatic face, blue tank top",0.3743284344673157,0.9479446882816556,1.0
CL27,16000,34,Night-ride_jennie.png,jennie,"Night-ride biker woman img, neon city, excited face, reflective vest",0.6862385869026184,0.9665071770334929,1.0
CL27,16000,35,Chef woman_jennie.png,jennie,"Chef woman img, bustling kitchen, proud grin, tall white toque",0.5672631859779358,0.8935818151429049,2.0
CL27,16000,36,Reading pa_jensen.png,jensen,"Reading paper man img, park bench, calm face, grey overcoat",0.6357513070106506,0.9202571607510321,1.0
CL27,16000,37,Rushing ma_jensen.png,jensen,"Rushing man img portrait, subway platform, anxious face, swinging briefcase",0.6181626915931702,0.9656307559666105,1.0
CL27,16000,38,Skiing man_jensen.png,jensen,"Skiing man img, snowy slope, fearless grin, orange goggles",0.49349141120910645,0.9015610066900287,1.0
CL27,16000,39,Drumming m_jensen.png,jensen,"Drumming man img, rock concert in rain, passionate angry face, black t-shirt",0.5899142622947693,0.9442261022700428,1.0
CL27,16000,40,Kickboxing_jensen.png,jensen,"Kickboxing man img, gym ring, fierce roar face, sweatband",0.5167655944824219,0.937893262737876,1.0
CL27,16000,41,Dancing ma_jensen.png,jensen,"Dancing man img, neon club, euphoric face, silver jumpsuit",0.5589306354522705,0.8324972129319955,1.0
CL27,16000,42,Angry man _jensen.png,jensen,"Angry man img, traffic jam, scowling face, dark suit",0.6545684933662415,0.9063617782319877,1.0
CL27,16000,43,Crying man_jensen.png,jensen,"Crying man img, stormy alley, tearful face, ripped jeans",0.6877896189689636,0.9406933135596846,1.0
CL27,16000,44,Laughing m_jensen.png,jensen,"Laughing man img, carnival wheel, carefree laugh, polka-dot shirt",0.6718453764915466,0.8864537674806929,1.0
CL27,16000,45,Jumping ma_jensen.png,jensen,"Jumping man img, beach sunset, ecstatic face, blue tank top",0.5429539084434509,0.9378193146417445,1.0
CL27,16000,46,Night-ride_jensen.png,jensen,"Night-ride biker man img, neon city, excited face, reflective vest",0.5111387968063354,0.93346911065852,1.0
CL27,16000,47,Chef man i_jensen.png,jensen,"Chef man img, bustling kitchen, proud grin, tall white toque",0.5700648427009583,0.9044832468145352,2.0
CL27,16000,48,Reading pa_jisoo.png,jisoo,"Reading paper woman img, park bench, calm face, grey overcoat",0.6098963022232056,0.9360328638497653,1.0
CL27,16000,49,Rushing wo_jisoo.png,jisoo,"Rushing woman img portrait, subway platform, anxious face, swinging briefcase",0.6644420623779297,0.9442275212029857,2.0
CL27,16000,50,Skiing wom_jisoo.png,jisoo,"Skiing woman img, snowy slope, fearless grin, orange goggles",0.49301445484161377,0.9147129756863625,1.0
CL27,16000,51,Drumming w_jisoo.png,jisoo,"Drumming woman img, rock concert in rain, passionate angry face, black t-shirt",0.6114672422409058,0.9782151863267021,1.0
CL27,16000,52,Kickboxing_jisoo.png,jisoo,"Kickboxing woman img, gym ring, fierce roar face, sweatband",0.6037434339523315,0.9784615384615385,1.0
CL27,16000,53,Dancing wo_jisoo.png,jisoo,"Dancing woman img, neon club, euphoric face, silver jumpsuit",0.500248908996582,0.9357869000128684,1.0
CL27,16000,54,Angry woma_jisoo.png,jisoo,"Angry woman img, traffic jam, scowling face, dark suit",0.6016534566879272,0.9714446917217816,1.0
CL27,16000,55,Crying wom_jisoo.png,jisoo,"Crying woman img, stormy alley, tearful face, ripped jeans",0.580698549747467,0.8864145563174689,1.0
CL27,16000,56,Laughing w_jisoo.png,jisoo,"Laughing woman img, carnival wheel, carefree laugh, polka-dot shirt",0.5312824845314026,0.9385129920246977,1.0
CL27,16000,57,Jumping wo_jisoo.png,jisoo,"Jumping woman img, beach sunset, ecstatic face, blue tank top",0.39290764927864075,0.950963005732668,1.0
CL27,16000,58,Night-ride_jisoo.png,jisoo,"Night-ride biker woman img, neon city, excited face, reflective vest",0.5717408061027527,0.9460607452112306,1.0
CL27,16000,59,Chef woman_jisoo.png,jisoo,"Chef woman img, bustling kitchen, proud grin, tall white toque",0.5894080996513367,0.9053020311263519,2.0
CL27,16000,60,Reading pa_keanu.png,keanu,"Reading paper man img, park bench, calm face, grey overcoat",0.6031326651573181,0.9580898795354541,1.0
CL27,16000,61,Rushing ma_keanu.png,keanu,"Rushing man img portrait, subway platform, anxious face, swinging briefcase",0.6143971681594849,0.943891673524351,2.0
CL27,16000,62,Skiing man_keanu.png,keanu,"Skiing man img, snowy slope, fearless grin, orange goggles",0.41862940788269043,0.8500508152534134,1.0
CL27,16000,63,Drumming m_keanu.png,keanu,"Drumming man img, rock concert in rain, passionate angry face, black t-shirt",0.568780243396759,0.9457632519288982,1.0
CL27,16000,64,Kickboxing_keanu.png,keanu,"Kickboxing man img, gym ring, fierce roar face, sweatband",0.5736591815948486,0.9141452593783191,1.0
CL27,16000,65,Dancing ma_keanu.png,keanu,"Dancing man img, neon club, euphoric face, silver jumpsuit",0.3399723768234253,0.9178066575467396,1.0
CL27,16000,66,Angry man _keanu.png,keanu,"Angry man img, traffic jam, scowling face, dark suit",0.6485746502876282,0.9383020453908658,1.0
CL27,16000,67,Crying man_keanu.png,keanu,"Crying man img, stormy alley, tearful face, ripped jeans",0.5911112427711487,0.9362022158632328,1.0
CL27,16000,68,Laughing m_keanu.png,keanu,"Laughing man img, carnival wheel, carefree laugh, polka-dot shirt",0.509783923625946,0.9695124851367419,1.0
CL27,16000,69,Jumping ma_keanu.png,keanu,"Jumping man img, beach sunset, ecstatic face, blue tank top",0.34594717621803284,0.8917401764234162,1.0
CL27,16000,70,Night-ride_keanu.png,keanu,"Night-ride biker man img, neon city, excited face, reflective vest",0.5481634140014648,0.8851509412944191,1.0
CL27,16000,71,Chef man i_keanu.png,keanu,"Chef man img, bustling kitchen, proud grin, tall white toque",0.5908010005950928,0.9046625972325819,2.0
CL27,16000,72,Reading pa_lex.png,lex,"Reading paper man img, park bench, calm face, grey overcoat",0.533394455909729,0.9389684319475591,1.0
CL27,16000,73,Rushing ma_lex.png,lex,"Rushing man img portrait, subway platform, anxious face, swinging briefcase",0.6535890102386475,0.9661261462760009,2.0
CL27,16000,74,Skiing man_lex.png,lex,"Skiing man img, snowy slope, fearless grin, orange goggles",0.31586191058158875,0.9506292057940159,1.0
CL27,16000,75,Drumming m_lex.png,lex,"Drumming man img, rock concert in rain, passionate angry face, black t-shirt",0.46661898493766785,0.91951010293557,1.0
CL27,16000,76,Kickboxing_lex.png,lex,"Kickboxing man img, gym ring, fierce roar face, sweatband",0.5575424432754517,0.9705279067256828,1.0
CL27,16000,77,Dancing ma_lex.png,lex,"Dancing man img, neon club, euphoric face, silver jumpsuit",0.33375534415245056,0.8721666455616057,1.0
CL27,16000,78,Angry man _lex.png,lex,"Angry man img, traffic jam, scowling face, dark suit",0.5417050719261169,0.9616403656903278,1.0
CL27,16000,79,Crying man_lex.png,lex,"Crying man img, stormy alley, tearful face, ripped jeans",0.4280092418193817,0.9528039977790117,1.0
CL27,16000,80,Laughing m_lex.png,lex,"Laughing man img, carnival wheel, carefree laugh, polka-dot shirt",0.5593899488449097,0.9069064332097694,1.0
CL27,16000,81,Jumping ma_lex.png,lex,"Jumping man img, beach sunset, ecstatic face, blue tank top",0.3019261360168457,0.8919933277731443,1.0
CL27,16000,82,Night-ride_lex.png,lex,"Night-ride biker man img, neon city, excited face, reflective vest",0.6125169992446899,0.9408870270629696,1.0
CL27,16000,83,Chef man i_lex.png,lex,"Chef man img, bustling kitchen, proud grin, tall white toque",0.45009320974349976,0.919862310525998,3.0
CL27,16000,84,Reading pa_marion.png,marion,"Reading paper woman img, park bench, calm face, grey overcoat",0.5527521371841431,0.977450756711537,1.0
CL27,16000,85,Rushing wo_marion.png,marion,"Rushing woman img portrait, subway platform, anxious face, swinging briefcase",0.5979607105255127,0.9518612952575217,1.0
CL27,16000,86,Skiing wom_marion.png,marion,"Skiing woman img, snowy slope, fearless grin, orange goggles",0.25806528329849243,0.9087896062574572,1.0
CL27,16000,87,Drumming w_marion.png,marion,"Drumming woman img, rock concert in rain, passionate angry face, black t-shirt",0.5081137418746948,0.9170848692099303,1.0
CL27,16000,88,Kickboxing_marion.png,marion,"Kickboxing woman img, gym ring, fierce roar face, sweatband",0.5716469883918762,0.9374726205426244,1.0
CL27,16000,89,Dancing wo_marion.png,marion,"Dancing woman img, neon club, euphoric face, silver jumpsuit",0.45601293444633484,0.9309779463769048,1.0
CL27,16000,90,Angry woma_marion.png,marion,"Angry woman img, traffic jam, scowling face, dark suit",0.5191035270690918,0.8977659574468085,1.0
CL27,16000,91,Crying wom_marion.png,marion,"Crying woman img, stormy alley, tearful face, ripped jeans",0.5912089943885803,0.8970884453396814,1.0
CL27,16000,92,Laughing w_marion.png,marion,"Laughing woman img, carnival wheel, carefree laugh, polka-dot shirt",0.4093420207500458,0.9021023571883627,1.0
CL27,16000,93,Jumping wo_marion.png,marion,"Jumping woman img, beach sunset, ecstatic face, blue tank top",0.3779580891132355,0.9445023449713392,1.0
CL27,16000,94,Night-ride_marion.png,marion,"Night-ride biker woman img, neon city, excited face, reflective vest",0.5654240846633911,0.9088127586042899,1.0
CL27,16000,95,Chef woman_marion.png,marion,"Chef woman img, bustling kitchen, proud grin, tall white toque",0.5141997933387756,0.8999589119894815,2.0
CL30,16000,0,Reading pa_eddie.png,eddie,"Reading paper man img, park bench, calm face, grey overcoat",0.5533619523048401,0.8905298398489903,1.0
CL30,16000,1,Rushing ma_eddie.png,eddie,"Rushing man img portrait, subway platform, anxious face, swinging briefcase",0.6129894256591797,0.829742721812818,2.0
CL30,16000,2,Skiing man_eddie.png,eddie,"Skiing man img, snowy slope, fearless grin, orange goggles",0.4355752170085907,0.8936541092364043,1.0
CL30,16000,3,Drumming m_eddie.png,eddie,"Drumming man img, rock concert in rain, passionate angry face, black t-shirt",0.5611357688903809,0.9573466409302763,1.0
CL30,16000,4,Kickboxing_eddie.png,eddie,"Kickboxing man img, gym ring, fierce roar face, sweatband",0.6325570344924927,0.853630089606023,1.0
CL30,16000,5,Dancing ma_eddie.png,eddie,"Dancing man img, neon club, euphoric face, silver jumpsuit",0.4143458902835846,0.4513750055533342,1.0
CL30,16000,6,Angry man _eddie.png,eddie,"Angry man img, traffic jam, scowling face, dark suit",0.5647485256195068,0.9128469016455765,1.0
CL30,16000,7,Crying man_eddie.png,eddie,"Crying man img, stormy alley, tearful face, ripped jeans",0.4785706400871277,0.9395952028707231,1.0
CL30,16000,8,Laughing m_eddie.png,eddie,"Laughing man img, carnival wheel, carefree laugh, polka-dot shirt",0.47802233695983887,0.8989650578952761,1.0
CL30,16000,9,Jumping ma_eddie.png,eddie,"Jumping man img, beach sunset, ecstatic face, blue tank top",0.31206265091896057,0.9425205566097407,1.0
CL30,16000,10,Night-ride_eddie.png,eddie,"Night-ride biker man img, neon city, excited face, reflective vest",0.5701428651809692,0.8381101406696578,1.0
CL30,16000,11,Chef man i_eddie.png,eddie,"Chef man img, bustling kitchen, proud grin, tall white toque",0.5421444773674011,0.87947170886978,2.0
CL30,16000,12,Reading pa_elon.png,elon,"Reading paper man img, park bench, calm face, grey overcoat",0.6957617402076721,0.969298138912541,1.0
CL30,16000,13,Rushing ma_elon.png,elon,"Rushing man img portrait, subway platform, anxious face, swinging briefcase",0.7090773582458496,0.9711788007102855,1.0
CL30,16000,14,Skiing man_elon.png,elon,"Skiing man img, snowy slope, fearless grin, orange goggles",0.3677661716938019,0.96851285061423,1.0
CL30,16000,15,Drumming m_elon.png,elon,"Drumming man img, rock concert in rain, passionate angry face, black t-shirt",0.6101775765419006,0.9821428571428571,1.0
CL30,16000,16,Kickboxing_elon.png,elon,"Kickboxing man img, gym ring, fierce roar face, sweatband",0.6003161668777466,0.9528051622154508,1.0
CL30,16000,17,Dancing ma_elon.png,elon,"Dancing man img, neon club, euphoric face, silver jumpsuit",0.4650954306125641,0.8566810344827587,1.0
CL30,16000,18,Angry man _elon.png,elon,"Angry man img, traffic jam, scowling face, dark suit",0.6239182353019714,0.9575310419290984,1.0
CL30,16000,19,Crying man_elon.png,elon,"Crying man img, stormy alley, tearful face, ripped jeans",0.556420087814331,0.9593369296102576,1.0
CL30,16000,20,Laughing m_elon.png,elon,"Laughing man img, carnival wheel, carefree laugh, polka-dot shirt",0.6201661825180054,0.9441776493951977,1.0
CL30,16000,21,Jumping ma_elon.png,elon,"Jumping man img, beach sunset, ecstatic face, blue tank top",0.4606519341468811,0.9309933774834437,1.0
CL30,16000,22,Night-ride_elon.png,elon,"Night-ride biker man img, neon city, excited face, reflective vest",0.6116392612457275,0.9743237875121881,1.0
CL30,16000,23,Chef man i_elon.png,elon,"Chef man img, bustling kitchen, proud grin, tall white toque",0.6398500800132751,0.9146643942967573,2.0
CL30,16000,24,Reading pa_jennie.png,jennie,"Reading paper woman img, park bench, calm face, grey overcoat",0.6102743148803711,0.9137083141232519,1.0
CL30,16000,25,Rushing wo_jennie.png,jennie,"Rushing woman img portrait, subway platform, anxious face, swinging briefcase",0.6223792433738708,0.9667994687915007,2.0
CL30,16000,26,Skiing wom_jennie.png,jennie,"Skiing woman img, snowy slope, fearless grin, orange goggles",0.5694558024406433,0.9576827198066894,1.0
CL30,16000,27,Drumming w_jennie.png,jennie,"Drumming woman img, rock concert in rain, passionate angry face, black t-shirt",0.5862972736358643,0.9185522759790155,1.0
CL30,16000,28,Kickboxing_jennie.png,jennie,"Kickboxing woman img, gym ring, fierce roar face, sweatband",0.6592920422554016,0.9660092917417276,1.0
CL30,16000,29,Dancing wo_jennie.png,jennie,"Dancing woman img, neon club, euphoric face, silver jumpsuit",0.46415436267852783,0.9241071428571429,1.0
CL30,16000,30,Angry woma_jennie.png,jennie,"Angry woman img, traffic jam, scowling face, dark suit",0.6821074485778809,0.930778459772913,1.0
CL30,16000,31,Crying wom_jennie.png,jennie,"Crying woman img, stormy alley, tearful face, ripped jeans",0.5554883480072021,0.9672866875743484,1.0
CL30,16000,32,Laughing w_jennie.png,jennie,"Laughing woman img, carnival wheel, carefree laugh, polka-dot shirt",0.5701114535331726,0.9465577596266045,1.0
CL30,16000,33,Jumping wo_jennie.png,jennie,"Jumping woman img, beach sunset, ecstatic face, blue tank top",0.3844250440597534,0.942367601246106,1.0
CL30,16000,34,Night-ride_jennie.png,jennie,"Night-ride biker woman img, neon city, excited face, reflective vest",0.6720143556594849,0.9712747805590248,1.0
CL30,16000,35,Chef woman_jennie.png,jennie,"Chef woman img, bustling kitchen, proud grin, tall white toque",0.5684040784835815,0.8933047081731489,2.0
CL30,16000,36,Reading pa_jensen.png,jensen,"Reading paper man img, park bench, calm face, grey overcoat",0.6107003092765808,0.9210774157091731,1.0
CL30,16000,37,Rushing ma_jensen.png,jensen,"Rushing man img portrait, subway platform, anxious face, swinging briefcase",0.6203559041023254,0.968614926828017,1.0
CL30,16000,38,Skiing man_jensen.png,jensen,"Skiing man img, snowy slope, fearless grin, orange goggles",0.4796978533267975,0.9805069103678027,1.0
CL30,16000,39,Drumming m_jensen.png,jensen,"Drumming man img, rock concert in rain, passionate angry face, black t-shirt",0.6285060048103333,0.9280226274907126,1.0
CL30,16000,40,Kickboxing_jensen.png,jensen,"Kickboxing man img, gym ring, fierce roar face, sweatband",0.49415698647499084,0.9534223449969307,1.0
CL30,16000,41,Dancing ma_jensen.png,jensen,"Dancing man img, neon club, euphoric face, silver jumpsuit",0.5282881855964661,0.8418352967701933,1.0
CL30,16000,42,Angry man _jensen.png,jensen,"Angry man img, traffic jam, scowling face, dark suit",0.6510359048843384,0.9320388349514563,1.0
CL30,16000,43,Crying man_jensen.png,jensen,"Crying man img, stormy alley, tearful face, ripped jeans",0.666396975517273,0.9250433275563258,1.0
CL30,16000,44,Laughing m_jensen.png,jensen,"Laughing man img, carnival wheel, carefree laugh, polka-dot shirt",0.6076023578643799,0.9694692762317721,1.0
CL30,16000,45,Jumping ma_jensen.png,jensen,"Jumping man img, beach sunset, ecstatic face, blue tank top",0.4673408269882202,0.9062010836845273,1.0
CL30,16000,46,Night-ride_jensen.png,jensen,"Night-ride biker man img, neon city, excited face, reflective vest",0.45949554443359375,0.9474826388888888,1.0
CL30,16000,47,Chef man i_jensen.png,jensen,"Chef man img, bustling kitchen, proud grin, tall white toque",0.5276533961296082,0.8999814321965711,2.0
CL30,16000,48,Reading pa_jisoo.png,jisoo,"Reading paper woman img, park bench, calm face, grey overcoat",0.6091276407241821,0.9787726358148894,1.0
CL30,16000,49,Rushing wo_jisoo.png,jisoo,"Rushing woman img portrait, subway platform, anxious face, swinging briefcase",0.6457232236862183,0.9220807252320311,2.0
CL30,16000,50,Skiing wom_jisoo.png,jisoo,"Skiing woman img, snowy slope, fearless grin, orange goggles",0.5109517574310303,0.9390589846424728,1.0
CL30,16000,51,Drumming w_jisoo.png,jisoo,"Drumming woman img, rock concert in rain, passionate angry face, black t-shirt",0.6066951751708984,0.9617808497662127,1.0
CL30,16000,52,Kickboxing_jisoo.png,jisoo,"Kickboxing woman img, gym ring, fierce roar face, sweatband",0.6346052885055542,0.9533166951267569,1.0
CL30,16000,53,Dancing wo_jisoo.png,jisoo,"Dancing woman img, neon club, euphoric face, silver jumpsuit",0.5088167786598206,0.9232056646282588,1.0
CL30,16000,54,Angry woma_jisoo.png,jisoo,"Angry woman img, traffic jam, scowling face, dark suit",0.6374204754829407,0.9364406779661016,1.0
CL30,16000,55,Crying wom_jisoo.png,jisoo,"Crying woman img, stormy alley, tearful face, ripped jeans",0.5990285873413086,0.908819336003802,1.0
CL30,16000,56,Laughing w_jisoo.png,jisoo,"Laughing woman img, carnival wheel, carefree laugh, polka-dot shirt",0.6029582023620605,0.9589551306086739,1.0
CL30,16000,57,Jumping wo_jisoo.png,jisoo,"Jumping woman img, beach sunset, ecstatic face, blue tank top",0.4552856683731079,0.973404255319149,1.0
CL30,16000,58,Night-ride_jisoo.png,jisoo,"Night-ride biker woman img, neon city, excited face, reflective vest",0.6191775798797607,0.9736515201046093,1.0
CL30,16000,59,Chef woman_jisoo.png,jisoo,"Chef woman img, bustling kitchen, proud grin, tall white toque",0.6282559037208557,0.9404006392849938,2.0
CL30,16000,60,Reading pa_keanu.png,keanu,"Reading paper man img, park bench, calm face, grey overcoat",0.6576859951019287,0.9572828265333894,1.0
CL30,16000,61,Rushing ma_keanu.png,keanu,"Rushing man img portrait, subway platform, anxious face, swinging briefcase",0.6419364809989929,0.953337930169874,2.0
CL30,16000,62,Skiing man_keanu.png,keanu,"Skiing man img, snowy slope, fearless grin, orange goggles",0.4138233959674835,0.8634117008638517,1.0
CL30,16000,63,Drumming m_keanu.png,keanu,"Drumming man img, rock concert in rain, passionate angry face, black t-shirt",0.5953067541122437,0.9355881956609622,1.0
CL30,16000,64,Kickboxing_keanu.png,keanu,"Kickboxing man img, gym ring, fierce roar face, sweatband",0.5428926348686218,0.9224281578432924,1.0
CL30,16000,65,Dancing ma_keanu.png,keanu,"Dancing man img, neon club, euphoric face, silver jumpsuit",0.390078604221344,0.9178066575467396,1.0
CL30,16000,66,Angry man _keanu.png,keanu,"Angry man img, traffic jam, scowling face, dark suit",0.6398505568504333,0.9744391988155432,1.0
CL30,16000,67,Crying man_keanu.png,keanu,"Crying man img, stormy alley, tearful face, ripped jeans",0.6230891346931458,0.9112888227636229,1.0
CL30,16000,68,Laughing m_keanu.png,keanu,"Laughing man img, carnival wheel, carefree laugh, polka-dot shirt",0.5008649230003357,0.985549271090576,1.0
CL30,16000,69,Jumping ma_keanu.png,keanu,"Jumping man img, beach sunset, ecstatic face, blue tank top",0.3091796934604645,0.8557795905802679,1.0
CL30,16000,70,Night-ride_keanu.png,keanu,"Night-ride biker man img, neon city, excited face, reflective vest",0.506581723690033,0.8999016095197431,1.0
CL30,16000,71,Chef man i_keanu.png,keanu,"Chef man img, bustling kitchen, proud grin, tall white toque",0.5643946528434753,0.8801810597319606,2.0
CL30,16000,72,Reading pa_lex.png,lex,"Reading paper man img, park bench, calm face, grey overcoat",0.5051271915435791,0.9455252918287937,1.0
CL30,16000,73,Rushing ma_lex.png,lex,"Rushing man img portrait, subway platform, anxious face, swinging briefcase",0.5957203507423401,0.9756152860754328,1.0
CL30,16000,74,Skiing man_lex.png,lex,"Skiing man img, snowy slope, fearless grin, orange goggles",0.348969966173172,0.948176144719697,1.0
CL30,16000,75,Drumming m_lex.png,lex,"Drumming man img, rock concert in rain, passionate angry face, black t-shirt",0.45222750306129456,0.932387706855792,1.0
CL30,16000,76,Kickboxing_lex.png,lex,"Kickboxing man img, gym ring, fierce roar face, sweatband",0.5829330086708069,0.9793758918715166,1.0
CL30,16000,77,Dancing ma_lex.png,lex,"Dancing man img, neon club, euphoric face, silver jumpsuit",0.28791189193725586,0.8609730001888098,1.0
CL30,16000,78,Angry man _lex.png,lex,"Angry man img, traffic jam, scowling face, dark suit",0.5463774800300598,0.9470443526923796,1.0
CL30,16000,79,Crying man_lex.png,lex,"Crying man img, stormy alley, tearful face, ripped jeans",0.4413755238056183,0.9497570875099932,1.0
CL30,16000,80,Laughing m_lex.png,lex,"Laughing man img, carnival wheel, carefree laugh, polka-dot shirt",0.5281735062599182,0.9207655653132754,1.0
CL30,16000,81,Jumping ma_lex.png,lex,"Jumping man img, beach sunset, ecstatic face, blue tank top",0.35881906747817993,0.9074501573976915,1.0
CL30,16000,82,Night-ride_lex.png,lex,"Night-ride biker man img, neon city, excited face, reflective vest",0.6206967830657959,0.9332080262485367,1.0
CL30,16000,83,Chef man i_lex.png,lex,"Chef man img, bustling kitchen, proud grin, tall white toque",0.45809879899024963,0.9129157926281091,2.0
CL30,16000,84,Reading pa_marion.png,marion,"Reading paper woman img, park bench, calm face, grey overcoat",0.5856488347053528,0.9962406015037594,1.0
CL30,16000,85,Rushing wo_marion.png,marion,"Rushing woman img portrait, subway platform, anxious face, swinging briefcase",0.5690193772315979,0.955587127061585,1.0
CL30,16000,86,Skiing wom_marion.png,marion,"Skiing woman img, snowy slope, fearless grin, orange goggles",0.19008967280387878,0.9031260500373031,1.0
CL30,16000,87,Drumming w_marion.png,marion,"Drumming woman img, rock concert in rain, passionate angry face, black t-shirt",0.46459606289863586,0.9207240948813983,1.0
CL30,16000,88,Kickboxing_marion.png,marion,"Kickboxing woman img, gym ring, fierce roar face, sweatband",0.5721663236618042,0.9404113200914045,1.0
CL30,16000,89,Dancing wo_marion.png,marion,"Dancing woman img, neon club, euphoric face, silver jumpsuit",0.4005596339702606,0.9336251151770436,1.0
CL30,16000,90,Angry woma_marion.png,marion,"Angry woman img, traffic jam, scowling face, dark suit",0.5135067701339722,0.9057481448665411,1.0
CL30,16000,91,Crying wom_marion.png,marion,"Crying woman img, stormy alley, tearful face, ripped jeans",0.5288211703300476,0.8791129541152077,1.0
CL30,16000,92,Laughing w_marion.png,marion,"Laughing woman img, carnival wheel, carefree laugh, polka-dot shirt",0.4381510019302368,0.9127923765521224,2.0
CL30,16000,93,Jumping wo_marion.png,marion,"Jumping woman img, beach sunset, ecstatic face, blue tank top",0.3491002917289734,0.9496987162693215,1.0
CL30,16000,94,Night-ride_marion.png,marion,"Night-ride biker woman img, neon city, excited face, reflective vest",0.5444467663764954,0.9016836613706426,1.0
CL30,16000,95,Chef woman_marion.png,marion,"Chef woman img, bustling kitchen, proud grin, tall white toque",0.5028635263442993,0.9093927192045361,2.0
CL31,24000,0,Reading pa_eddie.png,eddie,"Reading paper man img, park bench, calm face, grey overcoat",0.5654452443122864,0.9109924828412681,1.0
CL31,24000,1,Rushing ma_eddie.png,eddie,"Rushing man img portrait, subway platform, anxious face, swinging briefcase",0.6034400463104248,0.8486542368398908,1.0
CL31,24000,2,Skiing man_eddie.png,eddie,"Skiing man img, snowy slope, fearless grin, orange goggles",0.403500497341156,0.898126178068522,1.0
CL31,24000,3,Drumming m_eddie.png,eddie,"Drumming man img, rock concert in rain, passionate angry face, black t-shirt",0.5597681403160095,0.9484474200623341,1.0
CL31,24000,4,Kickboxing_eddie.png,eddie,"Kickboxing man img, gym ring, fierce roar face, sweatband",0.6493727564811707,0.8893654598208653,1.0
CL31,24000,5,Dancing ma_eddie.png,eddie,"Dancing man img, neon club, euphoric face, silver jumpsuit",0.3591459393501282,0.45466750201378325,1.0
CL31,24000,6,Angry man _eddie.png,eddie,"Angry man img, traffic jam, scowling face, dark suit",0.5697765350341797,0.8971386051545694,1.0
CL31,24000,7,Crying man_eddie.png,eddie,"Crying man img, stormy alley, tearful face, ripped jeans",0.6021270751953125,0.9292745054875939,1.0
CL31,24000,8,Laughing m_eddie.png,eddie,"Laughing man img, carnival wheel, carefree laugh, polka-dot shirt",0.41663259267807007,0.8926689857248019,1.0
CL31,24000,9,Jumping ma_eddie.png,eddie,"Jumping man img, beach sunset, ecstatic face, blue tank top",0.32054993510246277,0.9389571518588532,1.0
CL31,24000,10,Night-ride_eddie.png,eddie,"Night-ride biker man img, neon city, excited face, reflective vest",0.5599364638328552,0.8515219731819517,1.0
CL31,24000,11,Chef man i_eddie.png,eddie,"Chef man img, bustling kitchen, proud grin, tall white toque",0.5882346034049988,0.8893534134638225,2.0
CL31,24000,12,Reading pa_elon.png,elon,"Reading paper man img, park bench, calm face, grey overcoat",0.668721079826355,0.9664639338280014,1.0
CL31,24000,13,Rushing ma_elon.png,elon,"Rushing man img portrait, subway platform, anxious face, swinging briefcase",0.6773431301116943,0.9468512178903037,1.0
CL31,24000,14,Skiing man_elon.png,elon,"Skiing man img, snowy slope, fearless grin, orange goggles",0.3672786355018616,0.9509035260576076,1.0
CL31,24000,15,Drumming m_elon.png,elon,"Drumming man img, rock concert in rain, passionate angry face, black t-shirt",0.5836402773857117,0.974025974025974,1.0
CL31,24000,16,Kickboxing_elon.png,elon,"Kickboxing man img, gym ring, fierce roar face, sweatband",0.6034908890724182,0.9230685940122354,1.0
CL31,24000,17,Dancing ma_elon.png,elon,"Dancing man img, neon club, euphoric face, silver jumpsuit",0.46398767828941345,0.8769303498266625,1.0
CL31,24000,18,Angry man _elon.png,elon,"Angry man img, traffic jam, scowling face, dark suit",0.6227248311042786,0.9413199900752626,1.0
CL31,24000,19,Crying man_elon.png,elon,"Crying man img, stormy alley, tearful face, ripped jeans",0.5629269480705261,0.9689326819574398,1.0
CL31,24000,20,Laughing m_elon.png,elon,"Laughing man img, carnival wheel, carefree laugh, polka-dot shirt",0.5799590945243835,0.9414920429178368,1.0
CL31,24000,21,Jumping ma_elon.png,elon,"Jumping man img, beach sunset, ecstatic face, blue tank top",0.4688691198825836,0.9248684210526316,1.0
CL31,24000,22,Night-ride_elon.png,elon,"Night-ride biker man img, neon city, excited face, reflective vest",0.6938275694847107,0.919045619927232,1.0
CL31,24000,23,Chef man i_elon.png,elon,"Chef man img, bustling kitchen, proud grin, tall white toque",0.6301676630973816,0.9117367436440028,3.0
CL31,24000,24,Reading pa_jennie.png,jennie,"Reading paper woman img, park bench, calm face, grey overcoat",0.5871248245239258,0.9008393632416787,1.0
CL31,24000,25,Rushing wo_jennie.png,jennie,"Rushing woman img portrait, subway platform, anxious face, swinging briefcase",0.6020716428756714,0.9474313022700119,1.0
CL31,24000,26,Skiing wom_jennie.png,jennie,"Skiing woman img, snowy slope, fearless grin, orange goggles",0.6330392360687256,0.9458457997698504,1.0
CL31,24000,27,Drumming w_jennie.png,jennie,"Drumming woman img, rock concert in rain, passionate angry face, black t-shirt",0.5737175941467285,0.9607250755287009,1.0
CL31,24000,28,Kickboxing_jennie.png,jennie,"Kickboxing woman img, gym ring, fierce roar face, sweatband",0.6725783348083496,0.9660546139359699,1.0
CL31,24000,29,Dancing wo_jennie.png,jennie,"Dancing woman img, neon club, euphoric face, silver jumpsuit",0.5080273151397705,0.9569554775540365,1.0
CL31,24000,30,Angry woma_jennie.png,jennie,"Angry woman img, traffic jam, scowling face, dark suit",0.6462907791137695,0.9183405358686257,2.0
CL31,24000,31,Crying wom_jennie.png,jennie,"Crying woman img, stormy alley, tearful face, ripped jeans",0.5622351765632629,0.9644244041593816,1.0
CL31,24000,32,Laughing w_jennie.png,jennie,"Laughing woman img, carnival wheel, carefree laugh, polka-dot shirt",0.6116688251495361,0.947799704379846,1.0
CL31,24000,33,Jumping wo_jennie.png,jennie,"Jumping woman img, beach sunset, ecstatic face, blue tank top",0.4643798768520355,0.9610939357907253,1.0
CL31,24000,34,Night-ride_jennie.png,jennie,"Night-ride biker woman img, neon city, excited face, reflective vest",0.6485252976417542,0.9593912214414351,1.0
CL31,24000,35,Chef woman_jennie.png,jennie,"Chef woman img, bustling kitchen, proud grin, tall white toque",0.5780208110809326,0.8898487042492635,2.0
CL31,24000,36,Reading pa_jensen.png,jensen,"Reading paper man img, park bench, calm face, grey overcoat",0.6520904302597046,0.9248719408081958,1.0
CL31,24000,37,Rushing ma_jensen.png,jensen,"Rushing man img portrait, subway platform, anxious face, swinging briefcase",0.6333130598068237,0.9670796276878066,1.0
CL31,24000,38,Skiing man_jensen.png,jensen,"Skiing man img, snowy slope, fearless grin, orange goggles",0.4800306558609009,0.9291403085605061,1.0
CL31,24000,39,Drumming m_jensen.png,jensen,"Drumming man img, rock concert in rain, passionate angry face, black t-shirt",0.6128544211387634,0.9231124548584866,1.0
CL31,24000,40,Kickboxing_jensen.png,jensen,"Kickboxing man img, gym ring, fierce roar face, sweatband",0.48398280143737793,0.9337783916513198,1.0
CL31,24000,41,Dancing ma_jensen.png,jensen,"Dancing man img, neon club, euphoric face, silver jumpsuit",0.5147749185562134,0.8624971124971125,1.0
CL31,24000,42,Angry man _jensen.png,jensen,"Angry man img, traffic jam, scowling face, dark suit",0.630732536315918,0.9190086867654573,1.0
CL31,24000,43,Crying man_jensen.png,jensen,"Crying man img, stormy alley, tearful face, ripped jeans",0.6487659811973572,0.9431410393880907,1.0
CL31,24000,44,Laughing m_jensen.png,jensen,"Laughing man img, carnival wheel, carefree laugh, polka-dot shirt",0.5802528858184814,0.9138387448962805,1.0
CL31,24000,45,Jumping ma_jensen.png,jensen,"Jumping man img, beach sunset, ecstatic face, blue tank top",0.5519823431968689,0.9065684468999387,1.0
CL31,24000,46,Night-ride_jensen.png,jensen,"Night-ride biker man img, neon city, excited face, reflective vest",0.4538668096065521,0.9421296296296297,1.0
CL31,24000,47,Chef man i_jensen.png,jensen,"Chef man img, bustling kitchen, proud grin, tall white toque",0.5229246020317078,0.8863313618701331,2.0
CL31,24000,48,Reading pa_jisoo.png,jisoo,"Reading paper woman img, park bench, calm face, grey overcoat",0.6042694449424744,0.9753018108651912,1.0
CL31,24000,49,Rushing wo_jisoo.png,jisoo,"Rushing woman img portrait, subway platform, anxious face, swinging briefcase",0.6187580823898315,0.9526187708847886,2.0
CL31,24000,50,Skiing wom_jisoo.png,jisoo,"Skiing woman img, snowy slope, fearless grin, orange goggles",0.47208085656166077,0.9231015878769291,1.0
CL31,24000,51,Drumming w_jisoo.png,jisoo,"Drumming woman img, rock concert in rain, passionate angry face, black t-shirt",0.6243282556533813,0.9879518072289156,1.0
CL31,24000,52,Kickboxing_jisoo.png,jisoo,"Kickboxing woman img, gym ring, fierce roar face, sweatband",0.6364728212356567,0.9778761061946902,1.0
CL31,24000,53,Dancing wo_jisoo.png,jisoo,"Dancing woman img, neon club, euphoric face, silver jumpsuit",0.47259920835494995,0.9398623197817898,1.0
CL31,24000,54,Angry woma_jisoo.png,jisoo,"Angry woman img, traffic jam, scowling face, dark suit",0.6495510339736938,0.9318750381353347,1.0
CL31,24000,55,Crying wom_jisoo.png,jisoo,"Crying woman img, stormy alley, tearful face, ripped jeans",0.5867869853973389,0.8817978138366488,1.0
CL31,24000,56,Laughing w_jisoo.png,jisoo,"Laughing woman img, carnival wheel, carefree laugh, polka-dot shirt",0.5692545771598816,0.9426262831588577,1.0
CL31,24000,57,Jumping wo_jisoo.png,jisoo,"Jumping woman img, beach sunset, ecstatic face, blue tank top",0.4241268038749695,0.940647556197154,1.0
CL31,24000,58,Night-ride_jisoo.png,jisoo,"Night-ride biker woman img, neon city, excited face, reflective vest",0.5892530083656311,0.9687909997376016,1.0
CL31,24000,59,Chef woman_jisoo.png,jisoo,"Chef woman img, bustling kitchen, proud grin, tall white toque",0.6283295750617981,0.9216875882508108,2.0
CL31,24000,60,Reading pa_keanu.png,keanu,"Reading paper man img, park bench, calm face, grey overcoat",0.6033926606178284,0.9552890387203958,1.0
CL31,24000,61,Rushing ma_keanu.png,keanu,"Rushing man img portrait, subway platform, anxious face, swinging briefcase",0.6417315602302551,0.9494276950699484,2.0
CL31,24000,62,Skiing man_keanu.png,keanu,"Skiing man img, snowy slope, fearless grin, orange goggles",0.3167251646518707,0.8381202774954708,1.0
CL31,24000,63,Drumming m_keanu.png,keanu,"Drumming man img, rock concert in rain, passionate angry face, black t-shirt",0.5521433353424072,0.9435513169845595,1.0
CL31,24000,64,Kickboxing_keanu.png,keanu,"Kickboxing man img, gym ring, fierce roar face, sweatband",0.5390691161155701,0.8896011204180021,1.0
CL31,24000,65,Dancing ma_keanu.png,keanu,"Dancing man img, neon club, euphoric face, silver jumpsuit",0.3332858681678772,0.9527810650887574,1.0
CL31,24000,66,Angry man _keanu.png,keanu,"Angry man img, traffic jam, scowling face, dark suit",0.6113289594650269,0.9545250770523956,1.0
CL31,24000,67,Crying man_keanu.png,keanu,"Crying man img, stormy alley, tearful face, ripped jeans",0.6431850790977478,0.9542160856555751,1.0
CL31,24000,68,Laughing m_keanu.png,keanu,"Laughing man img, carnival wheel, carefree laugh, polka-dot shirt",0.472247451543808,0.9804205946337926,1.0
CL31,24000,69,Jumping ma_keanu.png,keanu,"Jumping man img, beach sunset, ecstatic face, blue tank top",0.35427623987197876,0.9130003307972213,1.0
CL31,24000,70,Night-ride_keanu.png,keanu,"Night-ride biker man img, neon city, excited face, reflective vest",0.5001406669616699,0.9145088368269626,1.0
CL31,24000,71,Chef man i_keanu.png,keanu,"Chef man img, bustling kitchen, proud grin, tall white toque",0.6029947996139526,0.9016688408078809,2.0
CL31,24000,72,Reading pa_lex.png,lex,"Reading paper man img, park bench, calm face, grey overcoat",0.5101897716522217,0.9408185840707964,1.0
CL31,24000,73,Rushing ma_lex.png,lex,"Rushing man img portrait, subway platform, anxious face, swinging briefcase",0.6154953837394714,0.9605661156563571,1.0
CL31,24000,74,Skiing man_lex.png,lex,"Skiing man img, snowy slope, fearless grin, orange goggles",0.3782896101474762,0.9619826719566569,1.0
CL31,24000,75,Drumming m_lex.png,lex,"Drumming man img, rock concert in rain, passionate angry face, black t-shirt",0.4745802879333496,0.9377462568951931,1.0
CL31,24000,76,Kickboxing_lex.png,lex,"Kickboxing man img, gym ring, fierce roar face, sweatband",0.5989526510238647,0.9587506943573387,1.0
CL31,24000,77,Dancing ma_lex.png,lex,"Dancing man img, neon club, euphoric face, silver jumpsuit",0.2509708106517792,0.8746031746031746,1.0
CL31,24000,78,Angry man _lex.png,lex,"Angry man img, traffic jam, scowling face, dark suit",0.5320144891738892,0.9285301211616852,1.0
CL31,24000,79,Crying man_lex.png,lex,"Crying man img, stormy alley, tearful face, ripped jeans",0.41086888313293457,0.9424339050213609,1.0
CL31,24000,80,Laughing m_lex.png,lex,"Laughing man img, carnival wheel, carefree laugh, polka-dot shirt",0.5581679940223694,0.9196639537936466,1.0
CL31,24000,81,Jumping ma_lex.png,lex,"Jumping man img, beach sunset, ecstatic face, blue tank top",0.2929328382015228,0.8950527841026703,1.0
CL31,24000,82,Night-ride_lex.png,lex,"Night-ride biker man img, neon city, excited face, reflective vest",0.6193446516990662,0.9630576483535088,1.0
CL31,24000,83,Chef man i_lex.png,lex,"Chef man img, bustling kitchen, proud grin, tall white toque",0.4354473352432251,0.9169178174621024,3.0
CL31,24000,84,Reading pa_marion.png,marion,"Reading paper woman img, park bench, calm face, grey overcoat",0.5924612879753113,0.9760123659402313,1.0
CL31,24000,85,Rushing wo_marion.png,marion,"Rushing woman img portrait, subway platform, anxious face, swinging briefcase",0.5662750601768494,0.9575843388327998,1.0
CL31,24000,86,Skiing wom_marion.png,marion,"Skiing woman img, snowy slope, fearless grin, orange goggles",0.27529221773147583,0.9173976821791957,1.0
CL31,24000,87,Drumming w_marion.png,marion,"Drumming woman img, rock concert in rain, passionate angry face, black t-shirt",0.4939911663532257,0.9083710904851977,1.0
CL31,24000,88,Kickboxing_marion.png,marion,"Kickboxing woman img, gym ring, fierce roar face, sweatband",0.5534584522247314,0.9332690706743197,1.0
CL31,24000,89,Dancing wo_marion.png,marion,"Dancing woman img, neon club, euphoric face, silver jumpsuit",0.44877099990844727,0.9252705610327885,1.0
CL31,24000,90,Angry woma_marion.png,marion,"Angry woman img, traffic jam, scowling face, dark suit",0.5663145184516907,0.9038920490229504,1.0
CL31,24000,91,Crying wom_marion.png,marion,"Crying woman img, stormy alley, tearful face, ripped jeans",0.5392022132873535,0.9016805953760751,1.0
CL31,24000,92,Laughing w_marion.png,marion,"Laughing woman img, carnival wheel, carefree laugh, polka-dot shirt",0.3545532822608948,0.9067272375797409,1.0
CL31,24000,93,Jumping wo_marion.png,marion,"Jumping woman img, beach sunset, ecstatic face, blue tank top",0.4022454619407654,0.9445023449713392,1.0
CL31,24000,94,Night-ride_marion.png,marion,"Night-ride biker woman img, neon city, excited face, reflective vest",0.5560869574546814,0.9117153407183619,1.0
CL31,24000,95,Chef woman_marion.png,marion,"Chef woman img, bustling kitchen, proud grin, tall white toque",0.5132738351821899,0.9241844029912072,2.0
CL32,18000,0,Reading pa_eddie.png,eddie,"Reading paper man img, park bench, calm face, grey overcoat",0.6191014647483826,0.9089725177089165,1.0
CL32,18000,1,Rushing ma_eddie.png,eddie,"Rushing man img portrait, subway platform, anxious face, swinging briefcase",0.6320282220840454,0.8414622517819257,1.0
CL32,18000,2,Skiing man_eddie.png,eddie,"Skiing man img, snowy slope, fearless grin, orange goggles",0.41645199060440063,0.8898284449363586,1.0
CL32,18000,3,Drumming m_eddie.png,eddie,"Drumming man img, rock concert in rain, passionate angry face, black t-shirt",0.623662531375885,0.948129152581886,1.0
CL32,18000,4,Kickboxing_eddie.png,eddie,"Kickboxing man img, gym ring, fierce roar face, sweatband",0.6252797842025757,0.9102797507628401,1.0
CL32,18000,5,Dancing ma_eddie.png,eddie,"Dancing man img, neon club, euphoric face, silver jumpsuit",0.39432984590530396,0.4464468473279046,1.0
CL32,18000,6,Angry man _eddie.png,eddie,"Angry man img, traffic jam, scowling face, dark suit",0.6136398315429688,0.9023541203879287,1.0
CL32,18000,7,Crying man_eddie.png,eddie,"Crying man img, stormy alley, tearful face, ripped jeans",0.5947507619857788,0.883902100548792,1.0
CL32,18000,8,Laughing m_eddie.png,eddie,"Laughing man img, carnival wheel, carefree laugh, polka-dot shirt",0.4859692454338074,0.9116687066503468,1.0
CL32,18000,9,Jumping ma_eddie.png,eddie,"Jumping man img, beach sunset, ecstatic face, blue tank top",0.33920809626579285,0.9389571518588532,1.0
CL32,18000,10,Night-ride_eddie.png,eddie,"Night-ride biker man img, neon city, excited face, reflective vest",0.5691140294075012,0.8457928260140798,1.0
CL32,18000,11,Chef man i_eddie.png,eddie,"Chef man img, bustling kitchen, proud grin, tall white toque",0.5813887715339661,0.87947170886978,2.0
CL32,18000,12,Reading pa_elon.png,elon,"Reading paper man img, park bench, calm face, grey overcoat",0.6865273714065552,0.9692108762213791,1.0
CL32,18000,13,Rushing ma_elon.png,elon,"Rushing man img portrait, subway platform, anxious face, swinging briefcase",0.6796180009841919,0.9603239468013969,1.0
CL32,18000,14,Skiing man_elon.png,elon,"Skiing man img, snowy slope, fearless grin, orange goggles",0.37502777576446533,0.9781979791203723,1.0
CL32,18000,15,Drumming m_elon.png,elon,"Drumming man img, rock concert in rain, passionate angry face, black t-shirt",0.6055523753166199,0.9817045961624274,1.0
CL32,18000,16,Kickboxing_elon.png,elon,"Kickboxing man img, gym ring, fierce roar face, sweatband",0.6161361932754517,0.9627181742156519,1.0
CL32,18000,17,Dancing ma_elon.png,elon,"Dancing man img, neon club, euphoric face, silver jumpsuit",0.4822366535663605,0.8717105263157895,1.0
CL32,18000,18,Angry man _elon.png,elon,"Angry man img, traffic jam, scowling face, dark suit",0.6279349327087402,0.950592885375494,1.0
CL32,18000,19,Crying man_elon.png,elon,"Crying man img, stormy alley, tearful face, ripped jeans",0.5483531355857849,0.9737704918032787,1.0
CL32,18000,20,Laughing m_elon.png,elon,"Laughing man img, carnival wheel, carefree laugh, polka-dot shirt",0.5945345163345337,0.9441776493951977,1.0
CL32,18000,21,Jumping ma_elon.png,elon,"Jumping man img, beach sunset, ecstatic face, blue tank top",0.505035400390625,0.9188235294117647,1.0
CL32,18000,22,Night-ride_elon.png,elon,"Night-ride biker man img, neon city, excited face, reflective vest",0.6687982678413391,0.9273630458192934,1.0
CL32,18000,23,Chef man i_elon.png,elon,"Chef man img, bustling kitchen, proud grin, tall white toque",0.6349315643310547,0.9051372488882073,2.0
CL32,18000,24,Reading pa_jennie.png,jennie,"Reading paper woman img, park bench, calm face, grey overcoat",0.5790675282478333,0.912227910430263,1.0
CL32,18000,25,Rushing wo_jennie.png,jennie,"Rushing woman img portrait, subway platform, anxious face, swinging briefcase",0.6116407513618469,0.9474313022700119,1.0
CL32,18000,26,Skiing wom_jennie.png,jennie,"Skiing woman img, snowy slope, fearless grin, orange goggles",0.5644192099571228,0.9738512312769738,1.0
CL32,18000,27,Drumming w_jennie.png,jennie,"Drumming woman img, rock concert in rain, passionate angry face, black t-shirt",0.6222138404846191,0.9590909090909091,1.0
CL32,18000,28,Kickboxing_jennie.png,jennie,"Kickboxing woman img, gym ring, fierce roar face, sweatband",0.6619994044303894,0.9793809478035183,1.0
CL32,18000,29,Dancing wo_jennie.png,jennie,"Dancing woman img, neon club, euphoric face, silver jumpsuit",0.4669319689273834,0.9241071428571429,1.0
CL32,18000,30,Angry woma_jennie.png,jennie,"Angry woman img, traffic jam, scowling face, dark suit",0.6243532299995422,0.9317438382283485,1.0
CL32,18000,31,Crying wom_jennie.png,jennie,"Crying woman img, stormy alley, tearful face, ripped jeans",0.5785028338432312,0.9262359643177697,1.0
CL32,18000,32,Laughing w_jennie.png,jennie,"Laughing woman img, carnival wheel, carefree laugh, polka-dot shirt",0.6409815549850464,0.956271186440678,1.0
CL32,18000,33,Jumping wo_jennie.png,jennie,"Jumping woman img, beach sunset, ecstatic face, blue tank top",0.39175838232040405,0.9572784810126582,1.0
CL32,18000,34,Night-ride_jennie.png,jennie,"Night-ride biker woman img, neon city, excited face, reflective vest",0.6694686412811279,0.9614872895637828,1.0
CL32,18000,35,Chef woman_jennie.png,jennie,"Chef woman img, bustling kitchen, proud grin, tall white toque",0.5745793581008911,0.8967600219659527,2.0
CL32,18000,36,Reading pa_jensen.png,jensen,"Reading paper man img, park bench, calm face, grey overcoat",0.6483490467071533,0.9192790866394288,1.0
CL32,18000,37,Rushing ma_jensen.png,jensen,"Rushing man img portrait, subway platform, anxious face, swinging briefcase",0.6330015659332275,0.9441548771407298,1.0
CL32,18000,38,Skiing man_jensen.png,jensen,"Skiing man img, snowy slope, fearless grin, orange goggles",0.5258647799491882,0.9133026896645884,1.0
CL32,18000,39,Drumming m_jensen.png,jensen,"Drumming man img, rock concert in rain, passionate angry face, black t-shirt",0.6030988097190857,0.9506162162162162,1.0
CL32,18000,40,Kickboxing_jensen.png,jensen,"Kickboxing man img, gym ring, fierce roar face, sweatband",0.4804067611694336,0.9589822077673618,1.0
CL32,18000,41,Dancing ma_jensen.png,jensen,"Dancing man img, neon club, euphoric face, silver jumpsuit",0.517104983329773,0.8526976876962603,1.0
CL32,18000,42,Angry man _jensen.png,jensen,"Angry man img, traffic jam, scowling face, dark suit",0.6293303370475769,0.9159143814228127,1.0
CL32,18000,43,Crying man_jensen.png,jensen,"Crying man img, stormy alley, tearful face, ripped jeans",0.6597641706466675,0.9406237018149523,1.0
CL32,18000,44,Laughing m_jensen.png,jensen,"Laughing man img, carnival wheel, carefree laugh, polka-dot shirt",0.657958984375,0.8896890002087247,1.0
CL32,18000,45,Jumping ma_jensen.png,jensen,"Jumping man img, beach sunset, ecstatic face, blue tank top",0.5936146378517151,0.9378193146417445,1.0
CL32,18000,46,Night-ride_jensen.png,jensen,"Night-ride biker man img, neon city, excited face, reflective vest",0.4549065828323364,0.9555943377932907,1.0
CL32,18000,47,Chef man i_jensen.png,jensen,"Chef man img, bustling kitchen, proud grin, tall white toque",0.5331887006759644,0.8962639358637103,2.0
CL32,18000,48,Reading pa_jisoo.png,jisoo,"Reading paper woman img, park bench, calm face, grey overcoat",0.6252743601799011,0.9671361502347418,1.0
CL32,18000,49,Rushing wo_jisoo.png,jisoo,"Rushing woman img portrait, subway platform, anxious face, swinging briefcase",0.6212964057922363,0.9512394442931081,2.0
CL32,18000,50,Skiing wom_jisoo.png,jisoo,"Skiing woman img, snowy slope, fearless grin, orange goggles",0.45676639676094055,0.9450179001769122,1.0
CL32,18000,51,Drumming w_jisoo.png,jisoo,"Drumming woman img, rock concert in rain, passionate angry face, black t-shirt",0.6145631670951843,0.986200616419165,1.0
CL32,18000,52,Kickboxing_jisoo.png,jisoo,"Kickboxing woman img, gym ring, fierce roar face, sweatband",0.5788284540176392,0.9704016913319239,1.0
CL32,18000,53,Dancing wo_jisoo.png,jisoo,"Dancing woman img, neon club, euphoric face, silver jumpsuit",0.47725802659988403,0.9273347324239245,1.0
CL32,18000,54,Angry woma_jisoo.png,jisoo,"Angry woman img, traffic jam, scowling face, dark suit",0.6020105481147766,0.9573475975858896,1.0
CL32,18000,55,Crying wom_jisoo.png,jisoo,"Crying woman img, stormy alley, tearful face, ripped jeans",0.5898367762565613,0.8831556792721841,1.0
CL32,18000,56,Laughing w_jisoo.png,jisoo,"Laughing woman img, carnival wheel, carefree laugh, polka-dot shirt",0.5570611357688904,0.9390120967741935,1.0
CL32,18000,57,Jumping wo_jisoo.png,jisoo,"Jumping woman img, beach sunset, ecstatic face, blue tank top",0.3945903182029724,0.9382991008826198,1.0
CL32,18000,58,Night-ride_jisoo.png,jisoo,"Night-ride biker woman img, neon city, excited face, reflective vest",0.5839061737060547,0.9625426397271057,1.0
CL32,18000,59,Chef woman_jisoo.png,jisoo,"Chef woman img, bustling kitchen, proud grin, tall white toque",0.6037957668304443,0.9118119726797911,2.0
CL32,18000,60,Reading pa_keanu.png,keanu,"Reading paper man img, park bench, calm face, grey overcoat",0.5982557535171509,0.9620253164556962,1.0
CL32,18000,61,Rushing ma_keanu.png,keanu,"Rushing man img portrait, subway platform, anxious face, swinging briefcase",0.6531515717506409,0.9535973868920722,2.0
CL32,18000,62,Skiing man_keanu.png,keanu,"Skiing man img, snowy slope, fearless grin, orange goggles",0.3981485962867737,0.8227969907272409,1.0
CL32,18000,63,Drumming m_keanu.png,keanu,"Drumming man img, rock concert in rain, passionate angry face, black t-shirt",0.6131561994552612,0.9413854351687388,1.0
CL32,18000,64,Kickboxing_keanu.png,keanu,"Kickboxing man img, gym ring, fierce roar face, sweatband",0.5299453735351562,0.9346320468363828,1.0
CL32,18000,65,Dancing ma_keanu.png,keanu,"Dancing man img, neon club, euphoric face, silver jumpsuit",0.3587424159049988,0.9471764705882353,1.0
CL32,18000,66,Angry man _keanu.png,keanu,"Angry man img, traffic jam, scowling face, dark suit",0.6449152231216431,0.9308910058840011,1.0
CL32,18000,67,Crying man_keanu.png,keanu,"Crying man img, stormy alley, tearful face, ripped jeans",0.590710461139679,0.9375258799171843,1.0
CL32,18000,68,Laughing m_keanu.png,keanu,"Laughing man img, carnival wheel, carefree laugh, polka-dot shirt",0.5099237561225891,0.9684857801691007,1.0
CL32,18000,69,Jumping ma_keanu.png,keanu,"Jumping man img, beach sunset, ecstatic face, blue tank top",0.3566741943359375,0.9129720853858785,1.0
CL32,18000,70,Night-ride_keanu.png,keanu,"Night-ride biker man img, neon city, excited face, reflective vest",0.5658002495765686,0.8855207639351543,1.0
CL32,18000,71,Chef man i_keanu.png,keanu,"Chef man img, bustling kitchen, proud grin, tall white toque",0.5912580490112305,0.8932490654977256,2.0
CL32,18000,72,Reading pa_lex.png,lex,"Reading paper man img, park bench, calm face, grey overcoat",0.5029115676879883,0.9540973179264285,1.0
CL32,18000,73,Rushing ma_lex.png,lex,"Rushing man img portrait, subway platform, anxious face, swinging briefcase",0.6395086646080017,0.9784470065916144,1.0
CL32,18000,74,Skiing man_lex.png,lex,"Skiing man img, snowy slope, fearless grin, orange goggles",0.3299065828323364,0.9636644821461383,1.0
CL32,18000,75,Drumming m_lex.png,lex,"Drumming man img, rock concert in rain, passionate angry face, black t-shirt",0.4652414917945862,0.9523460051861637,1.0
CL32,18000,76,Kickboxing_lex.png,lex,"Kickboxing man img, gym ring, fierce roar face, sweatband",0.5806264877319336,0.9570564227409423,1.0
CL32,18000,77,Dancing ma_lex.png,lex,"Dancing man img, neon club, euphoric face, silver jumpsuit",0.35500362515449524,0.8800257317465423,1.0
CL32,18000,78,Angry man _lex.png,lex,"Angry man img, traffic jam, scowling face, dark suit",0.5346032381057739,0.9583636628330179,1.0
CL32,18000,79,Crying man_lex.png,lex,"Crying man img, stormy alley, tearful face, ripped jeans",0.4316996932029724,0.9255219694608913,1.0
CL32,18000,80,Laughing m_lex.png,lex,"Laughing man img, carnival wheel, carefree laugh, polka-dot shirt",0.5632386207580566,0.9085427658081451,1.0
CL32,18000,81,Jumping ma_lex.png,lex,"Jumping man img, beach sunset, ecstatic face, blue tank top",0.3137173652648926,0.9166195590729226,1.0
CL32,18000,82,Night-ride_lex.png,lex,"Night-ride biker man img, neon city, excited face, reflective vest",0.632760763168335,0.9485208792317653,1.0
CL32,18000,83,Chef man i_lex.png,lex,"Chef man img, bustling kitchen, proud grin, tall white toque",0.4421076476573944,0.9338143892308158,2.0
CL32,18000,84,Reading pa_marion.png,marion,"Reading paper woman img, park bench, calm face, grey overcoat",0.5409250259399414,0.9789193575782739,1.0
CL32,18000,85,Rushing wo_marion.png,marion,"Rushing woman img portrait, subway platform, anxious face, swinging briefcase",0.5969666242599487,0.9590997841948412,1.0
CL32,18000,86,Skiing wom_marion.png,marion,"Skiing woman img, snowy slope, fearless grin, orange goggles",0.1936676949262619,0.8965199613578666,1.0
CL32,18000,87,Drumming w_marion.png,marion,"Drumming woman img, rock concert in rain, passionate angry face, black t-shirt",0.4817083477973938,0.9173442945223841,1.0
CL32,18000,88,Kickboxing_marion.png,marion,"Kickboxing woman img, gym ring, fierce roar face, sweatband",0.5425930023193359,0.9416745747864808,1.0
CL32,18000,89,Dancing wo_marion.png,marion,"Dancing woman img, neon club, euphoric face, silver jumpsuit",0.4051301181316376,0.9717969653670817,1.0
CL32,18000,90,Angry woma_marion.png,marion,"Angry woman img, traffic jam, scowling face, dark suit",0.5273995399475098,0.8939967550027041,1.0
CL32,18000,91,Crying wom_marion.png,marion,"Crying woman img, stormy alley, tearful face, ripped jeans",0.5500936508178711,0.8841408273684533,1.0
CL32,18000,92,Laughing w_marion.png,marion,"Laughing woman img, carnival wheel, carefree laugh, polka-dot shirt",0.3751753866672516,0.8844750900148259,2.0
CL32,18000,93,Jumping wo_marion.png,marion,"Jumping woman img, beach sunset, ecstatic face, blue tank top",0.3895491063594818,0.9342783505154639,1.0
CL32,18000,94,Night-ride_marion.png,marion,"Night-ride biker woman img, neon city, excited face, reflective vest",0.5437282919883728,0.9131895165105497,1.0
CL32,18000,95,Chef woman_marion.png,marion,"Chef woman img, bustling kitchen, proud grin, tall white toque",0.5490432381629944,0.9318760785602761,2.0
CL33,16000,0,Reading pa_eddie.png,eddie,"Reading paper man img, park bench, calm face, grey overcoat",0.6180601119995117,0.8658159184950798,1.0
CL33,16000,1,Rushing ma_eddie.png,eddie,"Rushing man img portrait, subway platform, anxious face, swinging briefcase",0.6218944191932678,0.8522502293688734,1.0
CL33,16000,2,Skiing man_eddie.png,eddie,"Skiing man img, snowy slope, fearless grin, orange goggles",0.5051259994506836,0.8334510882613199,1.0
CL33,16000,3,Drumming m_eddie.png,eddie,"Drumming man img, rock concert in rain, passionate angry face, black t-shirt",0.6240541338920593,0.9505253940455342,1.0
CL33,16000,4,Kickboxing_eddie.png,eddie,"Kickboxing man img, gym ring, fierce roar face, sweatband",0.6364142298698425,0.9095311147487595,1.0
CL33,16000,5,Dancing ma_eddie.png,eddie,"Dancing man img, neon club, euphoric face, silver jumpsuit",0.3260588049888611,0.43226600985221675,1.0
CL33,16000,6,Angry man _eddie.png,eddie,"Angry man img, traffic jam, scowling face, dark suit",0.5928443074226379,0.9115350199300415,1.0
CL33,16000,7,Crying man_eddie.png,eddie,"Crying man img, stormy alley, tearful face, ripped jeans",0.5628184676170349,0.9114849801927796,1.0
CL33,16000,8,Laughing m_eddie.png,eddie,"Laughing man img, carnival wheel, carefree laugh, polka-dot shirt",0.4782254695892334,0.8617915379642267,1.0
CL33,16000,9,Jumping ma_eddie.png,eddie,"Jumping man img, beach sunset, ecstatic face, blue tank top",0.3604007065296173,0.9495021903624055,1.0
CL33,16000,10,Night-ride_eddie.png,eddie,"Night-ride biker man img, neon city, excited face, reflective vest",0.6024566888809204,0.807774716865626,1.0
CL33,16000,11,Chef man i_eddie.png,eddie,"Chef man img, bustling kitchen, proud grin, tall white toque",0.5536615252494812,0.8936291510285524,2.0
CL33,16000,12,Reading pa_elon.png,elon,"Reading paper man img, park bench, calm face, grey overcoat",0.6794736981391907,0.9663686155872989,1.0
CL33,16000,13,Rushing ma_elon.png,elon,"Rushing man img portrait, subway platform, anxious face, swinging briefcase",0.6784845590591431,0.9590997727075131,1.0
CL33,16000,14,Skiing man_elon.png,elon,"Skiing man img, snowy slope, fearless grin, orange goggles",0.5213690400123596,0.984097131492007,1.0
CL33,16000,15,Drumming m_elon.png,elon,"Drumming man img, rock concert in rain, passionate angry face, black t-shirt",0.6021553874015808,0.9821428571428571,1.0
CL33,16000,16,Kickboxing_elon.png,elon,"Kickboxing man img, gym ring, fierce roar face, sweatband",0.5998884439468384,0.9431721798134012,1.0
CL33,16000,17,Dancing ma_elon.png,elon,"Dancing man img, neon club, euphoric face, silver jumpsuit",0.548225998878479,0.8745416448402304,1.0
CL33,16000,18,Angry man _elon.png,elon,"Angry man img, traffic jam, scowling face, dark suit",0.623056948184967,0.9557441271335428,1.0
CL33,16000,19,Crying man_elon.png,elon,"Crying man img, stormy alley, tearful face, ripped jeans",0.5714162588119507,0.9737704918032787,1.0
CL33,16000,20,Laughing m_elon.png,elon,"Laughing man img, carnival wheel, carefree laugh, polka-dot shirt",0.5928310751914978,0.961440708735749,1.0
CL33,16000,21,Jumping ma_elon.png,elon,"Jumping man img, beach sunset, ecstatic face, blue tank top",0.49725133180618286,0.906733746130031,1.0
CL33,16000,22,Night-ride_elon.png,elon,"Night-ride biker man img, neon city, excited face, reflective vest",0.6868710517883301,0.9270838788513572,1.0
CL33,16000,23,Chef man i_elon.png,elon,"Chef man img, bustling kitchen, proud grin, tall white toque",0.6294541954994202,0.9046499198289685,3.0
CL33,16000,24,Reading pa_jennie.png,jennie,"Reading paper woman img, park bench, calm face, grey overcoat",0.6221185922622681,0.9135141472565265,1.0
CL33,16000,25,Rushing wo_jennie.png,jennie,"Rushing woman img portrait, subway platform, anxious face, swinging briefcase",0.6272533535957336,0.9563475826424034,1.0
CL33,16000,26,Skiing wom_jennie.png,jennie,"Skiing woman img, snowy slope, fearless grin, orange goggles",0.6169836521148682,0.9700427960057061,1.0
CL33,16000,27,Drumming w_jennie.png,jennie,"Drumming woman img, rock concert in rain, passionate angry face, black t-shirt",0.6379861831665039,0.9104947998739363,1.0
CL33,16000,28,Kickboxing_jennie.png,jennie,"Kickboxing woman img, gym ring, fierce roar face, sweatband",0.6550107598304749,0.9783997711234026,1.0
CL33,16000,29,Dancing wo_jennie.png,jennie,"Dancing woman img, neon club, euphoric face, silver jumpsuit",0.4931194484233856,0.948701012769705,1.0
CL33,16000,30,Angry woma_jennie.png,jennie,"Angry woman img, traffic jam, scowling face, dark suit",0.6886112689971924,0.9275253800477128,1.0
CL33,16000,31,Crying wom_jennie.png,jennie,"Crying woman img, stormy alley, tearful face, ripped jeans",0.6218840479850769,0.9636333807284261,1.0
CL33,16000,32,Laughing w_jennie.png,jennie,"Laughing woman img, carnival wheel, carefree laugh, polka-dot shirt",0.5691999793052673,0.9465577596266045,1.0
CL33,16000,33,Jumping wo_jennie.png,jennie,"Jumping woman img, beach sunset, ecstatic face, blue tank top",0.4239117205142975,0.9554297673976121,1.0
CL33,16000,34,Night-ride_jennie.png,jennie,"Night-ride biker woman img, neon city, excited face, reflective vest",0.6850647330284119,0.946637683191922,1.0
CL33,16000,35,Chef woman_jennie.png,jennie,"Chef woman img, bustling kitchen, proud grin, tall white toque",0.5792531967163086,0.8967600219659527,2.0
CL33,16000,36,Reading pa_jensen.png,jensen,"Reading paper man img, park bench, calm face, grey overcoat",0.6688403487205505,0.9408676429953026,1.0
CL33,16000,37,Rushing ma_jensen.png,jensen,"Rushing man img portrait, subway platform, anxious face, swinging briefcase",0.6389297842979431,0.9319318537042826,1.0
CL33,16000,38,Skiing man_jensen.png,jensen,"Skiing man img, snowy slope, fearless grin, orange goggles",0.5063260793685913,0.9120830109680061,1.0
CL33,16000,39,Drumming m_jensen.png,jensen,"Drumming man img, rock concert in rain, passionate angry face, black t-shirt",0.6339717507362366,0.9194637890290064,1.0
CL33,16000,40,Kickboxing_jensen.png,jensen,"Kickboxing man img, gym ring, fierce roar face, sweatband",0.5289213061332703,0.9244839625537139,1.0
CL33,16000,41,Dancing ma_jensen.png,jensen,"Dancing man img, neon club, euphoric face, silver jumpsuit",0.5176848769187927,0.8120378425402349,1.0
CL33,16000,42,Angry man _jensen.png,jensen,"Angry man img, traffic jam, scowling face, dark suit",0.6217049360275269,0.9251972974507466,1.0
CL33,16000,43,Crying man_jensen.png,jensen,"Crying man img, stormy alley, tearful face, ripped jeans",0.677669107913971,0.9435974076362643,1.0
CL33,16000,44,Laughing m_jensen.png,jensen,"Laughing man img, carnival wheel, carefree laugh, polka-dot shirt",0.690689206123352,0.9073273605647706,1.0
CL33,16000,45,Jumping ma_jensen.png,jensen,"Jumping man img, beach sunset, ecstatic face, blue tank top",0.5200579166412354,0.920611620795107,1.0
CL33,16000,46,Night-ride_jensen.png,jensen,"Night-ride biker man img, neon city, excited face, reflective vest",0.50574791431427,0.925019712201853,1.0
CL33,16000,47,Chef man i_jensen.png,jensen,"Chef man img, bustling kitchen, proud grin, tall white toque",0.5608960390090942,0.9192691870021494,2.0
CL33,16000,48,Reading pa_jisoo.png,jisoo,"Reading paper woman img, park bench, calm face, grey overcoat",0.6088457703590393,0.9498658618376928,1.0
CL33,16000,49,Rushing wo_jisoo.png,jisoo,"Rushing woman img portrait, subway platform, anxious face, swinging briefcase",0.6542415022850037,0.9396540817986301,2.0
CL33,16000,50,Skiing wom_jisoo.png,jisoo,"Skiing woman img, snowy slope, fearless grin, orange goggles",0.5145275592803955,0.9033271256636184,1.0
CL33,16000,51,Drumming w_jisoo.png,jisoo,"Drumming woman img, rock concert in rain, passionate angry face, black t-shirt",0.5937620401382446,0.9862887003167703,1.0
CL33,16000,52,Kickboxing_jisoo.png,jisoo,"Kickboxing woman img, gym ring, fierce roar face, sweatband",0.5671432018280029,0.9716856742833063,1.0
CL33,16000,53,Dancing wo_jisoo.png,jisoo,"Dancing woman img, neon club, euphoric face, silver jumpsuit",0.5040978193283081,0.9043125382459982,1.0
CL33,16000,54,Angry woma_jisoo.png,jisoo,"Angry woman img, traffic jam, scowling face, dark suit",0.5924550890922546,0.9560501567398119,1.0
CL33,16000,55,Crying wom_jisoo.png,jisoo,"Crying woman img, stormy alley, tearful face, ripped jeans",0.5818815231323242,0.8591044877452645,1.0
CL33,16000,56,Laughing w_jisoo.png,jisoo,"Laughing woman img, carnival wheel, carefree laugh, polka-dot shirt",0.5480925440788269,0.9404832056570418,1.0
CL33,16000,57,Jumping wo_jisoo.png,jisoo,"Jumping woman img, beach sunset, ecstatic face, blue tank top",0.43595799803733826,0.950963005732668,1.0
CL33,16000,58,Night-ride_jisoo.png,jisoo,"Night-ride biker woman img, neon city, excited face, reflective vest",0.5582917928695679,0.9399107845709788,1.0
CL33,16000,59,Chef woman_jisoo.png,jisoo,"Chef woman img, bustling kitchen, proud grin, tall white toque",0.59764164686203,0.9114466150480239,2.0
CL33,16000,60,Reading pa_keanu.png,keanu,"Reading paper man img, park bench, calm face, grey overcoat",0.5565046668052673,0.9636159175826169,1.0
CL33,16000,61,Rushing ma_keanu.png,keanu,"Rushing man img portrait, subway platform, anxious face, swinging briefcase",0.6309018731117249,0.9584639894800728,2.0
CL33,16000,62,Skiing man_keanu.png,keanu,"Skiing man img, snowy slope, fearless grin, orange goggles",0.4284586012363434,0.8808993048426363,1.0
CL33,16000,63,Drumming m_keanu.png,keanu,"Drumming man img, rock concert in rain, passionate angry face, black t-shirt",0.5806428790092468,0.9475546305931322,1.0
CL33,16000,64,Kickboxing_keanu.png,keanu,"Kickboxing man img, gym ring, fierce roar face, sweatband",0.5494100451469421,0.8732603034928617,1.0
CL33,16000,65,Dancing ma_keanu.png,keanu,"Dancing man img, neon club, euphoric face, silver jumpsuit",0.47680357098579407,0.8952166572875633,1.0
CL33,16000,66,Angry man _keanu.png,keanu,"Angry man img, traffic jam, scowling face, dark suit",0.657110869884491,0.927991033903054,1.0
CL33,16000,67,Crying man_keanu.png,keanu,"Crying man img, stormy alley, tearful face, ripped jeans",0.5933954119682312,0.9496397681515321,1.0
CL33,16000,68,Laughing m_keanu.png,keanu,"Laughing man img, carnival wheel, carefree laugh, polka-dot shirt",0.49248528480529785,0.9756516484040777,1.0
CL33,16000,69,Jumping ma_keanu.png,keanu,"Jumping man img, beach sunset, ecstatic face, blue tank top",0.33641180396080017,0.8814902893380896,1.0
CL33,16000,70,Night-ride_keanu.png,keanu,"Night-ride biker man img, neon city, excited face, reflective vest",0.5468011498451233,0.9318953804347826,1.0
CL33,16000,71,Chef man i_keanu.png,keanu,"Chef man img, bustling kitchen, proud grin, tall white toque",0.5662826299667358,0.9019007487798224,2.0
CL33,16000,72,Reading pa_lex.png,lex,"Reading paper man img, park bench, calm face, grey overcoat",0.515357255935669,0.9389684319475591,1.0
CL33,16000,73,Rushing ma_lex.png,lex,"Rushing man img portrait, subway platform, anxious face, swinging briefcase",0.6363186240196228,0.9710578279266573,1.0
CL33,16000,74,Skiing man_lex.png,lex,"Skiing man img, snowy slope, fearless grin, orange goggles",0.3754045069217682,0.9646584818883271,1.0
CL33,16000,75,Drumming m_lex.png,lex,"Drumming man img, rock concert in rain, passionate angry face, black t-shirt",0.4303624629974365,0.9194116138657715,1.0
CL33,16000,76,Kickboxing_lex.png,lex,"Kickboxing man img, gym ring, fierce roar face, sweatband",0.5783106684684753,0.9490328385065228,1.0
CL33,16000,77,Dancing ma_lex.png,lex,"Dancing man img, neon club, euphoric face, silver jumpsuit",0.2421620488166809,0.8525716407748963,1.0
CL33,16000,78,Angry man _lex.png,lex,"Angry man img, traffic jam, scowling face, dark suit",0.5190589427947998,0.934620572158728,1.0
CL33,16000,79,Crying man_lex.png,lex,"Crying man img, stormy alley, tearful face, ripped jeans",0.40146011114120483,0.9603471749489448,1.0
CL33,16000,80,Laughing m_lex.png,lex,"Laughing man img, carnival wheel, carefree laugh, polka-dot shirt",0.53256756067276,0.9087757995903577,1.0
CL33,16000,81,Jumping ma_lex.png,lex,"Jumping man img, beach sunset, ecstatic face, blue tank top",0.26538506150245667,0.8861866375187867,1.0
CL33,16000,82,Night-ride_lex.png,lex,"Night-ride biker man img, neon city, excited face, reflective vest",0.5708568692207336,0.961202453573058,1.0
CL33,16000,83,Chef man i_lex.png,lex,"Chef man img, bustling kitchen, proud grin, tall white toque",0.4190845191478729,0.9308039747064137,2.0
CL33,16000,84,Reading pa_marion.png,marion,"Reading paper woman img, park bench, calm face, grey overcoat",0.5529666543006897,0.9810694248311134,1.0
CL33,16000,85,Rushing wo_marion.png,marion,"Rushing woman img portrait, subway platform, anxious face, swinging briefcase",0.5687229633331299,0.9482828693355009,1.0
CL33,16000,86,Skiing wom_marion.png,marion,"Skiing woman img, snowy slope, fearless grin, orange goggles",0.227665513753891,0.8876853781970817,1.0
CL33,16000,87,Drumming w_marion.png,marion,"Drumming woman img, rock concert in rain, passionate angry face, black t-shirt",0.4467776417732239,0.9033245844269466,1.0
CL33,16000,88,Kickboxing_marion.png,marion,"Kickboxing woman img, gym ring, fierce roar face, sweatband",0.5346617102622986,0.929997837214332,1.0
CL33,16000,89,Dancing wo_marion.png,marion,"Dancing woman img, neon club, euphoric face, silver jumpsuit",0.4889864921569824,0.9766383701188455,1.0
CL33,16000,90,Angry woma_marion.png,marion,"Angry woman img, traffic jam, scowling face, dark suit",0.5209940671920776,0.9022773441676467,1.0
CL33,16000,91,Crying wom_marion.png,marion,"Crying woman img, stormy alley, tearful face, ripped jeans",0.5574270486831665,0.8884254431699687,1.0
CL33,16000,92,Laughing w_marion.png,marion,"Laughing woman img, carnival wheel, carefree laugh, polka-dot shirt",0.41238337755203247,0.905212274064733,1.0
CL33,16000,93,Jumping wo_marion.png,marion,"Jumping woman img, beach sunset, ecstatic face, blue tank top",0.3971954882144928,0.9496987162693215,1.0
CL33,16000,94,Night-ride_marion.png,marion,"Night-ride biker woman img, neon city, excited face, reflective vest",0.5712056159973145,0.9029798381437995,1.0
CL33,16000,95,Chef woman_marion.png,marion,"Chef woman img, bustling kitchen, proud grin, tall white toque",0.5041050314903259,0.8999589119894815,2.0
CL34,18000,0,Reading pa_eddie.png,eddie,"Reading paper man img, park bench, calm face, grey overcoat",0.5779188275337219,0.8981993225173828,1.0
CL34,18000,1,Rushing ma_eddie.png,eddie,"Rushing man img portrait, subway platform, anxious face, swinging briefcase",0.6185178756713867,0.8367349357606789,1.0
CL34,18000,2,Skiing man_eddie.png,eddie,"Skiing man img, snowy slope, fearless grin, orange goggles",0.43610015511512756,0.8632662631085344,1.0
CL34,18000,3,Drumming m_eddie.png,eddie,"Drumming man img, rock concert in rain, passionate angry face, black t-shirt",0.6112464070320129,0.9484474200623341,1.0
CL34,18000,4,Kickboxing_eddie.png,eddie,"Kickboxing man img, gym ring, fierce roar face, sweatband",0.635978102684021,0.9244842351109381,1.0
CL34,18000,5,Dancing ma_eddie.png,eddie,"Dancing man img, neon club, euphoric face, silver jumpsuit",0.3346925973892212,0.4331817386741298,1.0
CL34,18000,6,Angry man _eddie.png,eddie,"Angry man img, traffic jam, scowling face, dark suit",0.5957053303718567,0.8981667874493384,1.0
CL34,18000,7,Crying man_eddie.png,eddie,"Crying man img, stormy alley, tearful face, ripped jeans",0.5981948375701904,0.9242522705298696,1.0
CL34,18000,8,Laughing m_eddie.png,eddie,"Laughing man img, carnival wheel, carefree laugh, polka-dot shirt",0.5133295059204102,0.9070966036738469,1.0
CL34,18000,9,Jumping ma_eddie.png,eddie,"Jumping man img, beach sunset, ecstatic face, blue tank top",0.30508166551589966,0.9389571518588532,1.0
CL34,18000,10,Night-ride_eddie.png,eddie,"Night-ride biker man img, neon city, excited face, reflective vest",0.5379539132118225,0.8482839313572543,1.0
CL34,18000,11,Chef man i_eddie.png,eddie,"Chef man img, bustling kitchen, proud grin, tall white toque",0.581430196762085,0.87947170886978,2.0
CL34,18000,12,Reading pa_elon.png,elon,"Reading paper man img, park bench, calm face, grey overcoat",0.6754437685012817,0.9622211107993706,1.0
CL34,18000,13,Rushing ma_elon.png,elon,"Rushing man img portrait, subway platform, anxious face, swinging briefcase",0.6744318008422852,0.9620061356551116,1.0
CL34,18000,14,Skiing man_elon.png,elon,"Skiing man img, snowy slope, fearless grin, orange goggles",0.3792485296726227,0.9695920033649207,1.0
CL34,18000,15,Drumming m_elon.png,elon,"Drumming man img, rock concert in rain, passionate angry face, black t-shirt",0.6089836359024048,0.9898515222716593,1.0
CL34,18000,16,Kickboxing_elon.png,elon,"Kickboxing man img, gym ring, fierce roar face, sweatband",0.6201317310333252,0.9490823452980347,1.0
CL34,18000,17,Dancing ma_elon.png,elon,"Dancing man img, neon club, euphoric face, silver jumpsuit",0.4470154941082001,0.8846907954003498,1.0
CL34,18000,18,Angry man _elon.png,elon,"Angry man img, traffic jam, scowling face, dark suit",0.6206775903701782,0.9516471399035148,1.0
CL34,18000,19,Crying man_elon.png,elon,"Crying man img, stormy alley, tearful face, ripped jeans",0.5672701001167297,0.9578606158833063,1.0
CL34,18000,20,Laughing m_elon.png,elon,"Laughing man img, carnival wheel, carefree laugh, polka-dot shirt",0.6043493151664734,0.9492548417288632,1.0
CL34,18000,21,Jumping ma_elon.png,elon,"Jumping man img, beach sunset, ecstatic face, blue tank top",0.48886045813560486,0.9248684210526316,1.0
CL34,18000,22,Night-ride_elon.png,elon,"Night-ride biker man img, neon city, excited face, reflective vest",0.6894063353538513,0.9238841471946271,1.0
CL34,18000,23,Chef man i_elon.png,elon,"Chef man img, bustling kitchen, proud grin, tall white toque",0.629443883895874,0.8981047358695154,3.0
CL34,18000,24,Reading pa_jennie.png,jennie,"Reading paper woman img, park bench, calm face, grey overcoat",0.6069762110710144,0.9157390830544095,1.0
CL34,18000,25,Rushing wo_jennie.png,jennie,"Rushing woman img portrait, subway platform, anxious face, swinging briefcase",0.6125544905662537,0.932627688172043,1.0
CL34,18000,26,Skiing wom_jennie.png,jennie,"Skiing woman img, snowy slope, fearless grin, orange goggles",0.5756799578666687,0.9646153262806658,1.0
CL34,18000,27,Drumming w_jennie.png,jennie,"Drumming woman img, rock concert in rain, passionate angry face, black t-shirt",0.6026787161827087,0.971019819616048,1.0
CL34,18000,28,Kickboxing_jennie.png,jennie,"Kickboxing woman img, gym ring, fierce roar face, sweatband",0.6632855534553528,0.9672690131992457,1.0
CL34,18000,29,Dancing wo_jennie.png,jennie,"Dancing woman img, neon club, euphoric face, silver jumpsuit",0.4744115173816681,0.9292410714285714,1.0
CL34,18000,30,Angry woma_jennie.png,jennie,"Angry woman img, traffic jam, scowling face, dark suit",0.6315039992332458,0.9219225976183882,1.0
CL34,18000,31,Crying wom_jennie.png,jennie,"Crying woman img, stormy alley, tearful face, ripped jeans",0.5430504679679871,0.9586548762551522,1.0
CL34,18000,32,Laughing w_jennie.png,jennie,"Laughing woman img, carnival wheel, carefree laugh, polka-dot shirt",0.6079583168029785,0.9629454802926599,1.0
CL34,18000,33,Jumping wo_jennie.png,jennie,"Jumping woman img, beach sunset, ecstatic face, blue tank top",0.40148934721946716,0.9497645211930926,1.0
CL34,18000,34,Night-ride_jennie.png,jennie,"Night-ride biker woman img, neon city, excited face, reflective vest",0.6709861755371094,0.9448810516418599,1.0
CL34,18000,35,Chef woman_jennie.png,jennie,"Chef woman img, bustling kitchen, proud grin, tall white toque",0.5605227947235107,0.8898487042492635,2.0
CL34,18000,36,Reading pa_jensen.png,jensen,"Reading paper man img, park bench, calm face, grey overcoat",0.6718422770500183,0.9433788174139052,1.0
CL34,18000,37,Rushing ma_jensen.png,jensen,"Rushing man img portrait, subway platform, anxious face, swinging briefcase",0.6351437568664551,0.9459511792117934,1.0
CL34,18000,38,Skiing man_jensen.png,jensen,"Skiing man img, snowy slope, fearless grin, orange goggles",0.5082332491874695,0.9200837391343922,1.0
CL34,18000,39,Drumming m_jensen.png,jensen,"Drumming man img, rock concert in rain, passionate angry face, black t-shirt",0.6114031672477722,0.9367023883077317,1.0
CL34,18000,40,Kickboxing_jensen.png,jensen,"Kickboxing man img, gym ring, fierce roar face, sweatband",0.5385862588882446,0.9583217746486957,1.0
CL34,18000,41,Dancing ma_jensen.png,jensen,"Dancing man img, neon club, euphoric face, silver jumpsuit",0.5705897212028503,0.845217883418223,1.0
CL34,18000,42,Angry man _jensen.png,jensen,"Angry man img, traffic jam, scowling face, dark suit",0.6173030734062195,0.9274399591211038,1.0
CL34,18000,43,Crying man_jensen.png,jensen,"Crying man img, stormy alley, tearful face, ripped jeans",0.6776303648948669,0.9424910052606683,1.0
CL34,18000,44,Laughing m_jensen.png,jensen,"Laughing man img, carnival wheel, carefree laugh, polka-dot shirt",0.6235279440879822,0.9087667161961367,1.0
CL34,18000,45,Jumping ma_jensen.png,jensen,"Jumping man img, beach sunset, ecstatic face, blue tank top",0.6031933426856995,0.9267902222769534,1.0
CL34,18000,46,Night-ride_jensen.png,jensen,"Night-ride biker man img, neon city, excited face, reflective vest",0.4935108721256256,0.939593388913266,1.0
CL34,18000,47,Chef man i_jensen.png,jensen,"Chef man img, bustling kitchen, proud grin, tall white toque",0.5314322113990784,0.9003620336848733,2.0
CL34,18000,48,Reading pa_jisoo.png,jisoo,"Reading paper woman img, park bench, calm face, grey overcoat",0.5991715788841248,0.963682092555332,1.0
CL34,18000,49,Rushing wo_jisoo.png,jisoo,"Rushing woman img portrait, subway platform, anxious face, swinging briefcase",0.6634688973426819,0.9463361481885045,2.0
CL34,18000,50,Skiing wom_jisoo.png,jisoo,"Skiing woman img, snowy slope, fearless grin, orange goggles",0.49130257964134216,0.9633305627536303,1.0
CL34,18000,51,Drumming w_jisoo.png,jisoo,"Drumming woman img, rock concert in rain, passionate angry face, black t-shirt",0.6149119138717651,0.9822079013729336,1.0
CL34,18000,52,Kickboxing_jisoo.png,jisoo,"Kickboxing woman img, gym ring, fierce roar face, sweatband",0.5667071342468262,0.9762311784576251,1.0
CL34,18000,53,Dancing wo_jisoo.png,jisoo,"Dancing woman img, neon club, euphoric face, silver jumpsuit",0.4945164918899536,0.9320356958096223,1.0
CL34,18000,54,Angry woma_jisoo.png,jisoo,"Angry woman img, traffic jam, scowling face, dark suit",0.6153653264045715,0.9668985742364209,1.0
CL34,18000,55,Crying wom_jisoo.png,jisoo,"Crying woman img, stormy alley, tearful face, ripped jeans",0.5578175187110901,0.9022336886414556,1.0
CL34,18000,56,Laughing w_jisoo.png,jisoo,"Laughing woman img, carnival wheel, carefree laugh, polka-dot shirt",0.5371863842010498,0.9779778749678415,1.0
CL34,18000,57,Jumping wo_jisoo.png,jisoo,"Jumping woman img, beach sunset, ecstatic face, blue tank top",0.3892670273780823,0.9458054936896808,1.0
CL34,18000,58,Night-ride_jisoo.png,jisoo,"Night-ride biker woman img, neon city, excited face, reflective vest",0.565595269203186,0.9640186302807662,1.0
CL34,18000,59,Chef woman_jisoo.png,jisoo,"Chef woman img, bustling kitchen, proud grin, tall white toque",0.6109821796417236,0.9128431113938585,2.0
CL34,18000,60,Reading pa_keanu.png,keanu,"Reading paper man img, park bench, calm face, grey overcoat",0.6114941239356995,0.9814769200453224,1.0
CL34,18000,61,Rushing ma_keanu.png,keanu,"Rushing man img portrait, subway platform, anxious face, swinging briefcase",0.6740707755088806,0.9535973868920722,2.0
CL34,18000,62,Skiing man_keanu.png,keanu,"Skiing man img, snowy slope, fearless grin, orange goggles",0.3984566628932953,0.877045934530095,1.0
CL34,18000,63,Drumming m_keanu.png,keanu,"Drumming man img, rock concert in rain, passionate angry face, black t-shirt",0.5471574664115906,0.9470529470529471,1.0
CL34,18000,64,Kickboxing_keanu.png,keanu,"Kickboxing man img, gym ring, fierce roar face, sweatband",0.5076317191123962,0.916354556803995,1.0
CL34,18000,65,Dancing ma_keanu.png,keanu,"Dancing man img, neon club, euphoric face, silver jumpsuit",0.34819576144218445,0.9287413683049962,1.0
CL34,18000,66,Angry man _keanu.png,keanu,"Angry man img, traffic jam, scowling face, dark suit",0.6254070401191711,0.9295601008685906,1.0
CL34,18000,67,Crying man_keanu.png,keanu,"Crying man img, stormy alley, tearful face, ripped jeans",0.5749633312225342,0.9707379816710434,1.0
CL34,18000,68,Laughing m_keanu.png,keanu,"Laughing man img, carnival wheel, carefree laugh, polka-dot shirt",0.48043322563171387,0.9756791352581425,1.0
CL34,18000,69,Jumping ma_keanu.png,keanu,"Jumping man img, beach sunset, ecstatic face, blue tank top",0.29168087244033813,0.8975071516142215,1.0
CL34,18000,70,Night-ride_keanu.png,keanu,"Night-ride biker man img, neon city, excited face, reflective vest",0.5254274010658264,0.8794687327061428,1.0
CL34,18000,71,Chef man i_keanu.png,keanu,"Chef man img, bustling kitchen, proud grin, tall white toque",0.586049497127533,0.8961144578313253,2.0
CL34,18000,72,Reading pa_lex.png,lex,"Reading paper man img, park bench, calm face, grey overcoat",0.5287594795227051,0.9389684319475591,1.0
CL34,18000,73,Rushing ma_lex.png,lex,"Rushing man img portrait, subway platform, anxious face, swinging briefcase",0.6311402320861816,0.9661955069551257,1.0
CL34,18000,74,Skiing man_lex.png,lex,"Skiing man img, snowy slope, fearless grin, orange goggles",0.3377079963684082,0.958828630409258,1.0
CL34,18000,75,Drumming m_lex.png,lex,"Drumming man img, rock concert in rain, passionate angry face, black t-shirt",0.4618260860443115,0.9404063096359639,1.0
CL34,18000,76,Kickboxing_lex.png,lex,"Kickboxing man img, gym ring, fierce roar face, sweatband",0.609265148639679,0.9628946803178922,1.0
CL34,18000,77,Dancing ma_lex.png,lex,"Dancing man img, neon club, euphoric face, silver jumpsuit",0.3260514438152313,0.8744976014520939,1.0
CL34,18000,78,Angry man _lex.png,lex,"Angry man img, traffic jam, scowling face, dark suit",0.5250263214111328,0.9448152134912092,1.0
CL34,18000,79,Crying man_lex.png,lex,"Crying man img, stormy alley, tearful face, ripped jeans",0.4387529790401459,0.9154020019373588,1.0
CL34,18000,80,Laughing m_lex.png,lex,"Laughing man img, carnival wheel, carefree laugh, polka-dot shirt",0.5690184235572815,0.8994811087064223,1.0
CL34,18000,81,Jumping ma_lex.png,lex,"Jumping man img, beach sunset, ecstatic face, blue tank top",0.30511191487312317,0.9039730450652815,1.0
CL34,18000,82,Night-ride_lex.png,lex,"Night-ride biker man img, neon city, excited face, reflective vest",0.5987024307250977,0.9550758063969067,1.0
CL34,18000,83,Chef man i_lex.png,lex,"Chef man img, bustling kitchen, proud grin, tall white toque",0.45061245560646057,0.9267059814658803,2.0
CL34,18000,84,Reading pa_marion.png,marion,"Reading paper woman img, park bench, calm face, grey overcoat",0.5597571134567261,0.977450756711537,1.0
CL34,18000,85,Rushing wo_marion.png,marion,"Rushing woman img portrait, subway platform, anxious face, swinging briefcase",0.590000331401825,0.9482828693355009,1.0
CL34,18000,86,Skiing wom_marion.png,marion,"Skiing woman img, snowy slope, fearless grin, orange goggles",0.1978514939546585,0.8957817368379004,1.0
CL34,18000,87,Drumming w_marion.png,marion,"Drumming woman img, rock concert in rain, passionate angry face, black t-shirt",0.4959084987640381,0.9050715214564369,1.0
CL34,18000,88,Kickboxing_marion.png,marion,"Kickboxing woman img, gym ring, fierce roar face, sweatband",0.5661214590072632,0.9416745747864808,1.0
CL34,18000,89,Dancing wo_marion.png,marion,"Dancing woman img, neon club, euphoric face, silver jumpsuit",0.38637590408325195,0.923732057416268,1.0
CL34,18000,90,Angry woma_marion.png,marion,"Angry woman img, traffic jam, scowling face, dark suit",0.5487261414527893,0.8930432932666738,1.0
CL34,18000,91,Crying wom_marion.png,marion,"Crying woman img, stormy alley, tearful face, ripped jeans",0.5311951041221619,0.8768267223382046,1.0
CL34,18000,92,Laughing w_marion.png,marion,"Laughing woman img, carnival wheel, carefree laugh, polka-dot shirt",0.3798980414867401,0.9020524811639387,1.0
CL34,18000,93,Jumping wo_marion.png,marion,"Jumping woman img, beach sunset, ecstatic face, blue tank top",0.397782564163208,0.9342783505154639,1.0
CL34,18000,94,Night-ride_marion.png,marion,"Night-ride biker woman img, neon city, excited face, reflective vest",0.5163828134536743,0.911639855265425,1.0
CL34,18000,95,Chef woman_marion.png,marion,"Chef woman img, bustling kitchen, proud grin, tall white toque",0.5143771171569824,0.9077163283753801,2.0
CL35,24000,0,Reading pa_eddie.png,eddie,"Reading paper man img, park bench, calm face, grey overcoat",0.6280852556228638,0.8638846537090171,1.0
CL35,24000,1,Rushing ma_eddie.png,eddie,"Rushing man img portrait, subway platform, anxious face, swinging briefcase",0.6020341515541077,0.8403004261194563,1.0
CL35,24000,2,Skiing man_eddie.png,eddie,"Skiing man img, snowy slope, fearless grin, orange goggles",0.41841480135917664,0.9056574239713775,1.0
CL35,24000,3,Drumming m_eddie.png,eddie,"Drumming man img, rock concert in rain, passionate angry face, black t-shirt",0.5889837145805359,0.943691418637976,1.0
CL35,24000,4,Kickboxing_eddie.png,eddie,"Kickboxing man img, gym ring, fierce roar face, sweatband",0.6396827697753906,0.9004769076305221,1.0
CL35,24000,5,Dancing ma_eddie.png,eddie,"Dancing man img, neon club, euphoric face, silver jumpsuit",0.4191347360610962,0.4175231243576567,1.0
CL35,24000,6,Angry man _eddie.png,eddie,"Angry man img, traffic jam, scowling face, dark suit",0.5997285842895508,0.911926957140706,1.0
CL35,24000,7,Crying man_eddie.png,eddie,"Crying man img, stormy alley, tearful face, ripped jeans",0.5940285325050354,0.9244483505445871,1.0
CL35,24000,8,Laughing m_eddie.png,eddie,"Laughing man img, carnival wheel, carefree laugh, polka-dot shirt",0.46835464239120483,0.8869768862641279,1.0
CL35,24000,9,Jumping ma_eddie.png,eddie,"Jumping man img, beach sunset, ecstatic face, blue tank top",0.32961350679397583,0.9356408445176988,1.0
CL35,24000,10,Night-ride_eddie.png,eddie,"Night-ride biker man img, neon city, excited face, reflective vest",0.5577311515808105,0.8277740625356799,1.0
CL35,24000,11,Chef man i_eddie.png,eddie,"Chef man img, bustling kitchen, proud grin, tall white toque",0.5702526569366455,0.8836999382393463,2.0
CL35,24000,12,Reading pa_elon.png,elon,"Reading paper man img, park bench, calm face, grey overcoat",0.6838942766189575,0.9775945117501095,1.0
CL35,24000,13,Rushing ma_elon.png,elon,"Rushing man img portrait, subway platform, anxious face, swinging briefcase",0.6745959520339966,0.967249043473954,1.0
CL35,24000,14,Skiing man_elon.png,elon,"Skiing man img, snowy slope, fearless grin, orange goggles",0.3551006019115448,0.9352153910497699,1.0
CL35,24000,15,Drumming m_elon.png,elon,"Drumming man img, rock concert in rain, passionate angry face, black t-shirt",0.5901747345924377,0.983924267647278,1.0
CL35,24000,16,Kickboxing_elon.png,elon,"Kickboxing man img, gym ring, fierce roar face, sweatband",0.627400279045105,0.959292130891041,1.0
CL35,24000,17,Dancing ma_elon.png,elon,"Dancing man img, neon club, euphoric face, silver jumpsuit",0.5926306247711182,0.8202551994373556,1.0
CL35,24000,18,Angry man _elon.png,elon,"Angry man img, traffic jam, scowling face, dark suit",0.6094065308570862,0.9455793565461914,1.0
CL35,24000,19,Crying man_elon.png,elon,"Crying man img, stormy alley, tearful face, ripped jeans",0.576546311378479,0.9786315633392095,1.0
CL35,24000,20,Laughing m_elon.png,elon,"Laughing man img, carnival wheel, carefree laugh, polka-dot shirt",0.6293794512748718,0.9396068412461855,1.0
CL35,24000,21,Jumping ma_elon.png,elon,"Jumping man img, beach sunset, ecstatic face, blue tank top",0.5059927105903625,0.9097262667443214,1.0
CL35,24000,22,Night-ride_elon.png,elon,"Night-ride biker man img, neon city, excited face, reflective vest",0.6629176139831543,0.9415520628683693,1.0
CL35,24000,23,Chef man i_elon.png,elon,"Chef man img, bustling kitchen, proud grin, tall white toque",0.6456418633460999,0.9079220620571707,3.0
CL35,24000,24,Reading pa_jennie.png,jennie,"Reading paper woman img, park bench, calm face, grey overcoat",0.5881713032722473,0.9122949866232407,1.0
CL35,24000,25,Rushing wo_jennie.png,jennie,"Rushing woman img portrait, subway platform, anxious face, swinging briefcase",0.6058117151260376,0.9336472962744933,1.0
CL35,24000,26,Skiing wom_jennie.png,jennie,"Skiing woman img, snowy slope, fearless grin, orange goggles",0.5947887301445007,0.9825922915292711,1.0
CL35,24000,27,Drumming w_jennie.png,jennie,"Drumming woman img, rock concert in rain, passionate angry face, black t-shirt",0.6445125341415405,0.9076818348431691,1.0
CL35,24000,28,Kickboxing_jennie.png,jennie,"Kickboxing woman img, gym ring, fierce roar face, sweatband",0.6276788115501404,0.9626890437585929,1.0
CL35,24000,29,Dancing wo_jennie.png,jennie,"Dancing woman img, neon club, euphoric face, silver jumpsuit",0.4639773964881897,0.9297143490632275,1.0
CL35,24000,30,Angry woma_jennie.png,jennie,"Angry woman img, traffic jam, scowling face, dark suit",0.6415945291519165,0.9361982599525441,1.0
CL35,24000,31,Crying wom_jennie.png,jennie,"Crying woman img, stormy alley, tearful face, ripped jeans",0.5726767182350159,0.9588391848044041,1.0
CL35,24000,32,Laughing w_jennie.png,jennie,"Laughing woman img, carnival wheel, carefree laugh, polka-dot shirt",0.6096974611282349,0.9508906578162678,1.0
CL35,24000,33,Jumping wo_jennie.png,jennie,"Jumping woman img, beach sunset, ecstatic face, blue tank top",0.3890141546726227,0.942367601246106,1.0
CL35,24000,34,Night-ride_jennie.png,jennie,"Night-ride biker woman img, neon city, excited face, reflective vest",0.6517691016197205,0.9723257051623204,1.0
CL35,24000,35,Chef woman_jennie.png,jennie,"Chef woman img, bustling kitchen, proud grin, tall white toque",0.54735267162323,0.8858741397237213,2.0
CL35,24000,36,Reading pa_jensen.png,jensen,"Reading paper man img, park bench, calm face, grey overcoat",0.642825186252594,0.9443311428355616,1.0
CL35,24000,37,Rushing ma_jensen.png,jensen,"Rushing man img portrait, subway platform, anxious face, swinging briefcase",0.6262611150741577,0.977551912006579,1.0
CL35,24000,38,Skiing man_jensen.png,jensen,"Skiing man img, snowy slope, fearless grin, orange goggles",0.4966488480567932,0.9273654029945843,1.0
CL35,24000,39,Drumming m_jensen.png,jensen,"Drumming man img, rock concert in rain, passionate angry face, black t-shirt",0.6081194877624512,0.9207539267015706,1.0
CL35,24000,40,Kickboxing_jensen.png,jensen,"Kickboxing man img, gym ring, fierce roar face, sweatband",0.4692298173904419,0.9485784990791897,1.0
CL35,24000,41,Dancing ma_jensen.png,jensen,"Dancing man img, neon club, euphoric face, silver jumpsuit",0.5266740918159485,0.8397998200629779,1.0
CL35,24000,42,Angry man _jensen.png,jensen,"Angry man img, traffic jam, scowling face, dark suit",0.5990266799926758,0.9394339408391529,1.0
CL35,24000,43,Crying man_jensen.png,jensen,"Crying man img, stormy alley, tearful face, ripped jeans",0.6560781002044678,0.9307460500746332,1.0
CL35,24000,44,Laughing m_jensen.png,jensen,"Laughing man img, carnival wheel, carefree laugh, polka-dot shirt",0.619948148727417,0.9375999289394209,1.0
CL35,24000,45,Jumping ma_jensen.png,jensen,"Jumping man img, beach sunset, ecstatic face, blue tank top",0.5395838022232056,0.9002392344497607,1.0
CL35,24000,46,Night-ride_jensen.png,jensen,"Night-ride biker man img, neon city, excited face, reflective vest",0.4674246311187744,0.974802612340384,1.0
CL35,24000,47,Chef man i_jensen.png,jensen,"Chef man img, bustling kitchen, proud grin, tall white toque",0.519770622253418,0.9034963310106678,2.0
CL35,24000,48,Reading pa_jisoo.png,jisoo,"Reading paper woman img, park bench, calm face, grey overcoat",0.6241247057914734,0.9722204022800236,1.0
CL35,24000,49,Rushing wo_jisoo.png,jisoo,"Rushing woman img portrait, subway platform, anxious face, swinging briefcase",0.6362690329551697,0.9388591577025648,1.0
CL35,24000,50,Skiing wom_jisoo.png,jisoo,"Skiing woman img, snowy slope, fearless grin, orange goggles",0.5370582342147827,0.9326640514053515,1.0
CL35,24000,51,Drumming w_jisoo.png,jisoo,"Drumming woman img, rock concert in rain, passionate angry face, black t-shirt",0.6322475075721741,0.9862887003167703,1.0
CL35,24000,52,Kickboxing_jisoo.png,jisoo,"Kickboxing woman img, gym ring, fierce roar face, sweatband",0.6266937255859375,0.9489755347629019,1.0
CL35,24000,53,Dancing wo_jisoo.png,jisoo,"Dancing woman img, neon club, euphoric face, silver jumpsuit",0.5480300784111023,0.9387006467805773,1.0
CL35,24000,54,Angry woma_jisoo.png,jisoo,"Angry woman img, traffic jam, scowling face, dark suit",0.6187485456466675,0.9495997536945813,1.0
CL35,24000,55,Crying wom_jisoo.png,jisoo,"Crying woman img, stormy alley, tearful face, ripped jeans",0.6318952441215515,0.902708941543893,1.0
CL35,24000,56,Laughing w_jisoo.png,jisoo,"Laughing woman img, carnival wheel, carefree laugh, polka-dot shirt",0.6032664775848389,0.9518831087038669,1.0
CL35,24000,57,Jumping wo_jisoo.png,jisoo,"Jumping woman img, beach sunset, ecstatic face, blue tank top",0.43438565731048584,0.9661566230463141,1.0
CL35,24000,58,Night-ride_jisoo.png,jisoo,"Night-ride biker woman img, neon city, excited face, reflective vest",0.6186873316764832,0.971706902469721,1.0
CL35,24000,59,Chef woman_jisoo.png,jisoo,"Chef woman img, bustling kitchen, proud grin, tall white toque",0.6508090496063232,0.9342560553633218,2.0
CL35,24000,60,Reading pa_keanu.png,keanu,"Reading paper man img, park bench, calm face, grey overcoat",0.6275027394294739,0.951284215603521,1.0
CL35,24000,61,Rushing ma_keanu.png,keanu,"Rushing man img portrait, subway platform, anxious face, swinging briefcase",0.6543159484863281,0.9456098218442914,2.0
CL35,24000,62,Skiing man_keanu.png,keanu,"Skiing man img, snowy slope, fearless grin, orange goggles",0.402324914932251,0.8717540836315968,1.0
CL35,24000,63,Drumming m_keanu.png,keanu,"Drumming man img, rock concert in rain, passionate angry face, black t-shirt",0.5264363288879395,0.9426277306777913,1.0
CL35,24000,64,Kickboxing_keanu.png,keanu,"Kickboxing man img, gym ring, fierce roar face, sweatband",0.5664491653442383,0.8929998816471081,1.0
CL35,24000,65,Dancing ma_keanu.png,keanu,"Dancing man img, neon club, euphoric face, silver jumpsuit",0.3926110863685608,0.9471764705882353,1.0
CL35,24000,66,Angry man _keanu.png,keanu,"Angry man img, traffic jam, scowling face, dark suit",0.6428583860397339,0.9532081815634632,1.0
CL35,24000,67,Crying man_keanu.png,keanu,"Crying man img, stormy alley, tearful face, ripped jeans",0.6292956471443176,0.9286400109731843,1.0
CL35,24000,68,Laughing m_keanu.png,keanu,"Laughing man img, carnival wheel, carefree laugh, polka-dot shirt",0.47744929790496826,0.9587929915639195,1.0
CL35,24000,69,Jumping ma_keanu.png,keanu,"Jumping man img, beach sunset, ecstatic face, blue tank top",0.2697069048881531,0.932260228034876,1.0
CL35,24000,70,Night-ride_keanu.png,keanu,"Night-ride biker man img, neon city, excited face, reflective vest",0.5328086614608765,0.8877579244343641,1.0
CL35,24000,71,Chef man i_keanu.png,keanu,"Chef man img, bustling kitchen, proud grin, tall white toque",0.5798898339271545,0.8751826649150516,2.0
CL35,24000,72,Reading pa_lex.png,lex,"Reading paper man img, park bench, calm face, grey overcoat",0.4767475426197052,0.9371578113701319,1.0
CL35,24000,73,Rushing ma_lex.png,lex,"Rushing man img portrait, subway platform, anxious face, swinging briefcase",0.6030600070953369,0.9653501441407083,1.0
CL35,24000,74,Skiing man_lex.png,lex,"Skiing man img, snowy slope, fearless grin, orange goggles",0.2955942153930664,0.9405794679347909,1.0
CL35,24000,75,Drumming m_lex.png,lex,"Drumming man img, rock concert in rain, passionate angry face, black t-shirt",0.43720537424087524,0.9055425448868072,1.0
CL35,24000,76,Kickboxing_lex.png,lex,"Kickboxing man img, gym ring, fierce roar face, sweatband",0.5387152433395386,0.9834713723086906,1.0
CL35,24000,77,Dancing ma_lex.png,lex,"Dancing man img, neon club, euphoric face, silver jumpsuit",0.29712197184562683,0.8691232528589581,1.0
CL35,24000,78,Angry man _lex.png,lex,"Angry man img, traffic jam, scowling face, dark suit",0.5192338228225708,0.9399652797541124,1.0
CL35,24000,79,Crying man_lex.png,lex,"Crying man img, stormy alley, tearful face, ripped jeans",0.39617639780044556,0.9434533218915134,1.0
CL35,24000,80,Laughing m_lex.png,lex,"Laughing man img, carnival wheel, carefree laugh, polka-dot shirt",0.5065963864326477,0.9192724910685287,1.0
CL35,24000,81,Jumping ma_lex.png,lex,"Jumping man img, beach sunset, ecstatic face, blue tank top",0.3143933117389679,0.8919933277731443,1.0
CL35,24000,82,Night-ride_lex.png,lex,"Night-ride biker man img, neon city, excited face, reflective vest",0.5837849378585815,0.9484316227834497,1.0
CL35,24000,83,Chef man i_lex.png,lex,"Chef man img, bustling kitchen, proud grin, tall white toque",0.4134942889213562,0.9060464562947982,2.0
CL35,24000,84,Reading pa_marion.png,marion,"Reading paper woman img, park bench, calm face, grey overcoat",0.5178160071372986,0.98113925013309,1.0
CL35,24000,85,Rushing wo_marion.png,marion,"Rushing woman img portrait, subway platform, anxious face, swinging briefcase",0.5566169619560242,0.9311397557666214,1.0
CL35,24000,86,Skiing wom_marion.png,marion,"Skiing woman img, snowy slope, fearless grin, orange goggles",0.24023324251174927,0.9021188093071624,1.0
CL35,24000,87,Drumming w_marion.png,marion,"Drumming woman img, rock concert in rain, passionate angry face, black t-shirt",0.4823606610298157,0.9170848692099303,1.0
CL35,24000,88,Kickboxing_marion.png,marion,"Kickboxing woman img, gym ring, fierce roar face, sweatband",0.5179059505462646,0.9357997823721437,1.0
CL35,24000,89,Dancing wo_marion.png,marion,"Dancing woman img, neon club, euphoric face, silver jumpsuit",0.45521023869514465,0.926480468375084,1.0
CL35,24000,90,Angry woma_marion.png,marion,"Angry woman img, traffic jam, scowling face, dark suit",0.45124462246894836,0.9022773441676467,1.0
CL35,24000,91,Crying wom_marion.png,marion,"Crying woman img, stormy alley, tearful face, ripped jeans",0.5355188250541687,0.8939304921589009,1.0
CL35,24000,92,Laughing w_marion.png,marion,"Laughing woman img, carnival wheel, carefree laugh, polka-dot shirt",0.38522520661354065,0.9052534822880577,1.0
CL35,24000,93,Jumping wo_marion.png,marion,"Jumping woman img, beach sunset, ecstatic face, blue tank top",0.363825261592865,0.9571799498305682,1.0
CL35,24000,94,Night-ride_marion.png,marion,"Night-ride biker woman img, neon city, excited face, reflective vest",0.4912327826023102,0.9088804288711055,1.0
CL35,24000,95,Chef woman_marion.png,marion,"Chef woman img, bustling kitchen, proud grin, tall white toque",0.5217288136482239,0.9268140356643931,2.0
CL36,4000,0,Reading pa_eddie.png,eddie,"Reading paper man img, park bench, calm face, grey overcoat",0.5568558573722839,0.8829922115558776,1.0
CL36,4000,1,Rushing ma_eddie.png,eddie,"Rushing man img portrait, subway platform, anxious face, swinging briefcase",0.614957869052887,0.8320702457422359,2.0
CL36,4000,2,Skiing man_eddie.png,eddie,"Skiing man img, snowy slope, fearless grin, orange goggles",0.38960883021354675,0.8913998790792326,1.0
CL36,4000,3,Drumming m_eddie.png,eddie,"Drumming man img, rock concert in rain, passionate angry face, black t-shirt",0.5638103485107422,0.9303827268446896,1.0
CL36,4000,4,Kickboxing_eddie.png,eddie,"Kickboxing man img, gym ring, fierce roar face, sweatband",0.6032962203025818,0.9029609461414108,1.0
CL36,4000,5,Dancing ma_eddie.png,eddie,"Dancing man img, neon club, euphoric face, silver jumpsuit",0.40850555896759033,0.4513750055533342,1.0
CL36,4000,6,Angry man _eddie.png,eddie,"Angry man img, traffic jam, scowling face, dark suit",0.5546385645866394,0.9116741588339463,1.0
CL36,4000,7,Crying man_eddie.png,eddie,"Crying man img, stormy alley, tearful face, ripped jeans",0.5722298622131348,0.9150364039252928,1.0
CL36,4000,8,Laughing m_eddie.png,eddie,"Laughing man img, carnival wheel, carefree laugh, polka-dot shirt",0.46314916014671326,0.8818015773004658,1.0
CL36,4000,9,Jumping ma_eddie.png,eddie,"Jumping man img, beach sunset, ecstatic face, blue tank top",0.3063327670097351,0.7690300697932294,1.0
CL36,4000,10,Night-ride_eddie.png,eddie,"Night-ride biker man img, neon city, excited face, reflective vest",0.5784685611724854,0.8632540093984649,1.0
CL36,4000,11,Chef man i_eddie.png,eddie,"Chef man img, bustling kitchen, proud grin, tall white toque",0.5413632988929749,0.8870096758357483,2.0
CL36,4000,12,Reading pa_elon.png,elon,"Reading paper man img, park bench, calm face, grey overcoat",0.6800943613052368,0.9606840943191383,1.0
CL36,4000,13,Rushing ma_elon.png,elon,"Rushing man img portrait, subway platform, anxious face, swinging briefcase",0.6810139417648315,0.9671530580565042,1.0
CL36,4000,14,Skiing man_elon.png,elon,"Skiing man img, snowy slope, fearless grin, orange goggles",0.29856568574905396,0.9626645624818306,1.0
CL36,4000,15,Drumming m_elon.png,elon,"Drumming man img, rock concert in rain, passionate angry face, black t-shirt",0.5964299440383911,0.983924267647278,1.0
CL36,4000,16,Kickboxing_elon.png,elon,"Kickboxing man img, gym ring, fierce roar face, sweatband",0.6205587983131409,0.9327340192879934,1.0
CL36,4000,17,Dancing ma_elon.png,elon,"Dancing man img, neon club, euphoric face, silver jumpsuit",0.493761271238327,0.8590172369436584,1.0
CL36,4000,18,Angry man _elon.png,elon,"Angry man img, traffic jam, scowling face, dark suit",0.6333801746368408,0.9506172839506173,1.0
CL36,4000,19,Crying man_elon.png,elon,"Crying man img, stormy alley, tearful face, ripped jeans",0.553726077079773,0.9751243781094527,1.0
CL36,4000,20,Laughing m_elon.png,elon,"Laughing man img, carnival wheel, carefree laugh, polka-dot shirt",0.5784457325935364,0.9476773316154893,1.0
CL36,4000,21,Jumping ma_elon.png,elon,"Jumping man img, beach sunset, ecstatic face, blue tank top",0.4910472333431244,0.9188235294117647,1.0
CL36,4000,22,Night-ride_elon.png,elon,"Night-ride biker man img, neon city, excited face, reflective vest",0.6276540160179138,0.9321117663577647,1.0
CL36,4000,23,Chef man i_elon.png,elon,"Chef man img, bustling kitchen, proud grin, tall white toque",0.6413357853889465,0.9013774777801533,2.0
CL36,4000,24,Reading pa_jennie.png,jennie,"Reading paper woman img, park bench, calm face, grey overcoat",0.5949387550354004,0.8787855317171405,1.0
CL36,4000,25,Rushing wo_jennie.png,jennie,"Rushing woman img portrait, subway platform, anxious face, swinging briefcase",0.5737321972846985,0.9549688429554682,1.0
CL36,4000,26,Skiing wom_jennie.png,jennie,"Skiing woman img, snowy slope, fearless grin, orange goggles",0.583445131778717,0.9578130479196206,1.0
CL36,4000,27,Drumming w_jennie.png,jennie,"Drumming woman img, rock concert in rain, passionate angry face, black t-shirt",0.6254515647888184,0.9050751879699248,1.0
CL36,4000,28,Kickboxing_jennie.png,jennie,"Kickboxing woman img, gym ring, fierce roar face, sweatband",0.6145938634872437,0.9648735070064892,1.0
CL36,4000,29,Dancing wo_jennie.png,jennie,"Dancing woman img, neon club, euphoric face, silver jumpsuit",0.4717939794063568,0.9146404552509053,1.0
CL36,4000,30,Angry woma_jennie.png,jennie,"Angry woman img, traffic jam, scowling face, dark suit",0.615540087223053,0.9135249969526529,1.0
CL36,4000,31,Crying wom_jennie.png,jennie,"Crying woman img, stormy alley, tearful face, ripped jeans",0.5015496611595154,0.9220502160713309,1.0
CL36,4000,32,Laughing w_jennie.png,jennie,"Laughing woman img, carnival wheel, carefree laugh, polka-dot shirt",0.48156365752220154,0.928032365984595,1.0
CL36,4000,33,Jumping wo_jennie.png,jennie,"Jumping woman img, beach sunset, ecstatic face, blue tank top",0.3416759967803955,0.9479446882816556,1.0
CL36,4000,34,Night-ride_jennie.png,jennie,"Night-ride biker woman img, neon city, excited face, reflective vest",0.6579071879386902,0.9593912214414351,1.0
CL36,4000,35,Chef woman_jennie.png,jennie,"Chef woman img, bustling kitchen, proud grin, tall white toque",0.5496480464935303,0.9117751150209819,2.0
CL36,4000,36,Reading pa_jensen.png,jensen,"Reading paper man img, park bench, calm face, grey overcoat",0.6368143558502197,0.9692739252397417,1.0
CL36,4000,37,Rushing ma_jensen.png,jensen,"Rushing man img portrait, subway platform, anxious face, swinging briefcase",0.6082801818847656,0.9812854073061145,1.0
CL36,4000,38,Skiing man_jensen.png,jensen,"Skiing man img, snowy slope, fearless grin, orange goggles",0.46773964166641235,0.9027442770673099,1.0
CL36,4000,39,Drumming m_jensen.png,jensen,"Drumming man img, rock concert in rain, passionate angry face, black t-shirt",0.615477442741394,0.9329853153382565,1.0
CL36,4000,40,Kickboxing_jensen.png,jensen,"Kickboxing man img, gym ring, fierce roar face, sweatband",0.4983243942260742,0.9338091159958131,1.0
CL36,4000,41,Dancing ma_jensen.png,jensen,"Dancing man img, neon club, euphoric face, silver jumpsuit",0.501089334487915,0.836038961038961,1.0
CL36,4000,42,Angry man _jensen.png,jensen,"Angry man img, traffic jam, scowling face, dark suit",0.6138803362846375,0.9232243229432805,1.0
CL36,4000,43,Crying man_jensen.png,jensen,"Crying man img, stormy alley, tearful face, ripped jeans",0.6714368462562561,0.9134185347752038,1.0
CL36,4000,44,Laughing m_jensen.png,jensen,"Laughing man img, carnival wheel, carefree laugh, polka-dot shirt",0.6331932544708252,0.925372018245719,1.0
CL36,4000,45,Jumping ma_jensen.png,jensen,"Jumping man img, beach sunset, ecstatic face, blue tank top",0.5407260060310364,0.9147800478556967,1.0
CL36,4000,46,Night-ride_jensen.png,jensen,"Night-ride biker man img, neon city, excited face, reflective vest",0.4779004156589508,0.948152287470541,1.0
CL36,4000,47,Chef man i_jensen.png,jensen,"Chef man img, bustling kitchen, proud grin, tall white toque",0.5586499571800232,0.8899928475915042,2.0
CL36,4000,48,Reading pa_jisoo.png,jisoo,"Reading paper woman img, park bench, calm face, grey overcoat",0.6307460069656372,0.9256874580818243,1.0
CL36,4000,49,Rushing wo_jisoo.png,jisoo,"Rushing woman img portrait, subway platform, anxious face, swinging briefcase",0.6466879844665527,0.9385216127860516,2.0
CL36,4000,50,Skiing wom_jisoo.png,jisoo,"Skiing woman img, snowy slope, fearless grin, orange goggles",0.48429542779922485,0.9178160718654969,1.0
CL36,4000,51,Drumming w_jisoo.png,jisoo,"Drumming woman img, rock concert in rain, passionate angry face, black t-shirt",0.6088296175003052,0.9823095138598691,1.0
CL36,4000,52,Kickboxing_jisoo.png,jisoo,"Kickboxing woman img, gym ring, fierce roar face, sweatband",0.6266812086105347,0.9741401780692247,1.0
CL36,4000,53,Dancing wo_jisoo.png,jisoo,"Dancing woman img, neon club, euphoric face, silver jumpsuit",0.4562823176383972,0.9382317840209012,1.0
CL36,4000,54,Angry woma_jisoo.png,jisoo,"Angry woman img, traffic jam, scowling face, dark suit",0.636145293712616,0.9387021110242377,1.0
CL36,4000,55,Crying wom_jisoo.png,jisoo,"Crying woman img, stormy alley, tearful face, ripped jeans",0.5822899341583252,0.866148414692104,1.0
CL36,4000,56,Laughing w_jisoo.png,jisoo,"Laughing woman img, carnival wheel, carefree laugh, polka-dot shirt",0.553939938545227,0.9443786982248521,1.0
CL36,4000,57,Jumping wo_jisoo.png,jisoo,"Jumping woman img, beach sunset, ecstatic face, blue tank top",0.40750110149383545,0.9354891932024418,1.0
CL36,4000,58,Night-ride_jisoo.png,jisoo,"Night-ride biker woman img, neon city, excited face, reflective vest",0.597270667552948,0.953644982020268,1.0
CL36,4000,59,Chef woman_jisoo.png,jisoo,"Chef woman img, bustling kitchen, proud grin, tall white toque",0.6023391485214233,0.9224479029279873,2.0
CL36,4000,60,Reading pa_keanu.png,keanu,"Reading paper man img, park bench, calm face, grey overcoat",0.609820544719696,0.9885259932768523,1.0
CL36,4000,61,Rushing ma_keanu.png,keanu,"Rushing man img portrait, subway platform, anxious face, swinging briefcase",0.6315706968307495,0.9295392953929539,2.0
CL36,4000,62,Skiing man_keanu.png,keanu,"Skiing man img, snowy slope, fearless grin, orange goggles",0.37699535489082336,0.8698770567097054,1.0
CL36,4000,63,Drumming m_keanu.png,keanu,"Drumming man img, rock concert in rain, passionate angry face, black t-shirt",0.5798241496086121,0.9493469980047161,1.0
CL36,4000,64,Kickboxing_keanu.png,keanu,"Kickboxing man img, gym ring, fierce roar face, sweatband",0.5379188656806946,0.9019791512093782,1.0
CL36,4000,65,Dancing ma_keanu.png,keanu,"Dancing man img, neon club, euphoric face, silver jumpsuit",0.3877912759780884,0.925030160280347,1.0
CL36,4000,66,Angry man _keanu.png,keanu,"Angry man img, traffic jam, scowling face, dark suit",0.6308197379112244,0.9412160268982909,1.0
CL36,4000,67,Crying man_keanu.png,keanu,"Crying man img, stormy alley, tearful face, ripped jeans",0.6424521207809448,0.9473445063875151,1.0
CL36,4000,68,Laughing m_keanu.png,keanu,"Laughing man img, carnival wheel, carefree laugh, polka-dot shirt",0.5524548888206482,0.9724388642441907,1.0
CL36,4000,69,Jumping ma_keanu.png,keanu,"Jumping man img, beach sunset, ecstatic face, blue tank top",0.21429291367530823,0.8856323669958586,1.0
CL36,4000,70,Night-ride_keanu.png,keanu,"Night-ride biker man img, neon city, excited face, reflective vest",0.5282303690910339,0.9432894368170356,1.0
CL36,4000,71,Chef man i_keanu.png,keanu,"Chef man img, bustling kitchen, proud grin, tall white toque",0.6033219695091248,0.9019007487798224,2.0
CL36,4000,72,Reading pa_lex.png,lex,"Reading paper man img, park bench, calm face, grey overcoat",0.5286676287651062,0.9346153846153846,1.0
CL36,4000,73,Rushing ma_lex.png,lex,"Rushing man img portrait, subway platform, anxious face, swinging briefcase",0.5984565019607544,0.9689760759110333,1.0
CL36,4000,74,Skiing man_lex.png,lex,"Skiing man img, snowy slope, fearless grin, orange goggles",0.3149418830871582,0.9535045745128814,1.0
CL36,4000,75,Drumming m_lex.png,lex,"Drumming man img, rock concert in rain, passionate angry face, black t-shirt",0.49378612637519836,0.9232209737827716,1.0
CL36,4000,76,Kickboxing_lex.png,lex,"Kickboxing man img, gym ring, fierce roar face, sweatband",0.5603416562080383,0.9619343141411317,1.0
CL36,4000,77,Dancing ma_lex.png,lex,"Dancing man img, neon club, euphoric face, silver jumpsuit",0.3744448721408844,0.8785562905401066,1.0
CL36,4000,78,Angry man _lex.png,lex,"Angry man img, traffic jam, scowling face, dark suit",0.5224960446357727,0.9336378903025645,1.0
CL36,4000,79,Crying man_lex.png,lex,"Crying man img, stormy alley, tearful face, ripped jeans",0.4265325367450714,0.9469138859654553,1.0
CL36,4000,80,Laughing m_lex.png,lex,"Laughing man img, carnival wheel, carefree laugh, polka-dot shirt",0.4739534556865692,0.9115987785311319,1.0
CL36,4000,81,Jumping ma_lex.png,lex,"Jumping man img, beach sunset, ecstatic face, blue tank top",0.31275999546051025,0.8857262452909167,1.0
CL36,4000,82,Night-ride_lex.png,lex,"Night-ride biker man img, neon city, excited face, reflective vest",0.6296386122703552,0.9234032680388452,1.0
CL36,4000,83,Chef man i_lex.png,lex,"Chef man img, bustling kitchen, proud grin, tall white toque",0.4194975793361664,0.9233778152221336,2.0
CL36,4000,84,Reading pa_marion.png,marion,"Reading paper woman img, park bench, calm face, grey overcoat",0.4948557913303375,0.9761003897708908,1.0
CL36,4000,85,Rushing wo_marion.png,marion,"Rushing woman img portrait, subway platform, anxious face, swinging briefcase",0.5790463089942932,0.945310113046135,1.0
CL36,4000,86,Skiing wom_marion.png,marion,"Skiing woman img, snowy slope, fearless grin, orange goggles",0.22660349309444427,0.9093272144874028,1.0
CL36,4000,87,Drumming w_marion.png,marion,"Drumming woman img, rock concert in rain, passionate angry face, black t-shirt",0.47159451246261597,0.9000131503967036,1.0
CL36,4000,88,Kickboxing_marion.png,marion,"Kickboxing woman img, gym ring, fierce roar face, sweatband",0.5111463665962219,0.9404113200914045,1.0
CL36,4000,89,Dancing wo_marion.png,marion,"Dancing woman img, neon club, euphoric face, silver jumpsuit",0.38003894686698914,0.9429910580726656,1.0
CL36,4000,90,Angry woma_marion.png,marion,"Angry woman img, traffic jam, scowling face, dark suit",0.49017277359962463,0.9179477882523568,1.0
CL36,4000,91,Crying wom_marion.png,marion,"Crying woman img, stormy alley, tearful face, ripped jeans",0.5759194493293762,0.9003746698605737,1.0
CL36,4000,92,Laughing w_marion.png,marion,"Laughing woman img, carnival wheel, carefree laugh, polka-dot shirt",0.3797364830970764,0.9217865028319093,1.0
CL36,4000,93,Jumping wo_marion.png,marion,"Jumping woman img, beach sunset, ecstatic face, blue tank top",0.4131753742694855,0.9445023449713392,1.0
CL36,4000,94,Night-ride_marion.png,marion,"Night-ride biker woman img, neon city, excited face, reflective vest",0.5288111567497253,0.9000510338215053,1.0
CL36,4000,95,Chef woman_marion.png,marion,"Chef woman img, bustling kitchen, proud grin, tall white toque",0.4603111147880554,0.9155066151696934,2.0
CL37,18000,0,Reading pa_eddie.png,eddie,"Reading paper man img, park bench, calm face, grey overcoat",0.5743948817253113,0.8593531737576059,1.0
CL37,18000,1,Rushing ma_eddie.png,eddie,"Rushing man img portrait, subway platform, anxious face, swinging briefcase",0.6108762621879578,0.8239612511671335,1.0
CL37,18000,2,Skiing man_eddie.png,eddie,"Skiing man img, snowy slope, fearless grin, orange goggles",0.45240816473960876,0.8687473187473187,1.0
CL37,18000,3,Drumming m_eddie.png,eddie,"Drumming man img, rock concert in rain, passionate angry face, black t-shirt",0.5794715881347656,0.9595076578781733,1.0
CL37,18000,4,Kickboxing_eddie.png,eddie,"Kickboxing man img, gym ring, fierce roar face, sweatband",0.616714358329773,0.880361733609979,1.0
CL37,18000,5,Dancing ma_eddie.png,eddie,"Dancing man img, neon club, euphoric face, silver jumpsuit",0.38838648796081543,0.4504744169548639,1.0
CL37,18000,6,Angry man _eddie.png,eddie,"Angry man img, traffic jam, scowling face, dark suit",0.6106376051902771,0.9091144802740212,1.0
CL37,18000,7,Crying man_eddie.png,eddie,"Crying man img, stormy alley, tearful face, ripped jeans",0.6151533722877502,0.9233457086700153,1.0
CL37,18000,8,Laughing m_eddie.png,eddie,"Laughing man img, carnival wheel, carefree laugh, polka-dot shirt",0.44917750358581543,0.8813103246563323,1.0
CL37,18000,9,Jumping ma_eddie.png,eddie,"Jumping man img, beach sunset, ecstatic face, blue tank top",0.3407931327819824,0.9288608383980053,1.0
CL37,18000,10,Night-ride_eddie.png,eddie,"Night-ride biker man img, neon city, excited face, reflective vest",0.5691635608673096,0.828839011787502,1.0
CL37,18000,11,Chef man i_eddie.png,eddie,"Chef man img, bustling kitchen, proud grin, tall white toque",0.5761653184890747,0.9035583638177586,2.0
CL37,18000,12,Reading pa_elon.png,elon,"Reading paper man img, park bench, calm face, grey overcoat",0.647792398929596,0.973446375789128,1.0
CL37,18000,13,Rushing ma_elon.png,elon,"Rushing man img portrait, subway platform, anxious face, swinging briefcase",0.6744356155395508,0.9575374433565053,1.0
CL37,18000,14,Skiing man_elon.png,elon,"Skiing man img, snowy slope, fearless grin, orange goggles",0.3685690462589264,0.9825667686889439,1.0
CL37,18000,15,Drumming m_elon.png,elon,"Drumming man img, rock concert in rain, passionate angry face, black t-shirt",0.5680583715438843,0.9683241252302026,1.0
CL37,18000,16,Kickboxing_elon.png,elon,"Kickboxing man img, gym ring, fierce roar face, sweatband",0.5892846584320068,0.9221843249778933,1.0
CL37,18000,17,Dancing ma_elon.png,elon,"Dancing man img, neon club, euphoric face, silver jumpsuit",0.4473955035209656,0.8769303498266625,1.0
CL37,18000,18,Angry man _elon.png,elon,"Angry man img, traffic jam, scowling face, dark suit",0.610307514667511,0.94410144245411,1.0
CL37,18000,19,Crying man_elon.png,elon,"Crying man img, stormy alley, tearful face, ripped jeans",0.5494390726089478,0.9689326819574398,1.0
CL37,18000,20,Laughing m_elon.png,elon,"Laughing man img, carnival wheel, carefree laugh, polka-dot shirt",0.601083517074585,0.9480816444423049,1.0
CL37,18000,21,Jumping ma_elon.png,elon,"Jumping man img, beach sunset, ecstatic face, blue tank top",0.46871086955070496,0.9097262667443214,1.0
CL37,18000,22,Night-ride_elon.png,elon,"Night-ride biker man img, neon city, excited face, reflective vest",0.699061393737793,0.9178163116377662,1.0
CL37,18000,23,Chef man i_elon.png,elon,"Chef man img, bustling kitchen, proud grin, tall white toque",0.6332465410232544,0.9183354288693305,3.0
CL37,18000,24,Reading pa_jennie.png,jennie,"Reading paper woman img, park bench, calm face, grey overcoat",0.6068571209907532,0.9122615803814714,1.0
CL37,18000,25,Rushing wo_jennie.png,jennie,"Rushing woman img portrait, subway platform, anxious face, swinging briefcase",0.6038904190063477,0.9386400625647312,1.0
CL37,18000,26,Skiing wom_jennie.png,jennie,"Skiing woman img, snowy slope, fearless grin, orange goggles",0.612416684627533,0.9623236299674862,1.0
CL37,18000,27,Drumming w_jennie.png,jennie,"Drumming woman img, rock concert in rain, passionate angry face, black t-shirt",0.6485294699668884,0.8983674527079555,1.0
CL37,18000,28,Kickboxing_jennie.png,jennie,"Kickboxing woman img, gym ring, fierce roar face, sweatband",0.6558924913406372,0.9793572489103884,1.0
CL37,18000,29,Dancing wo_jennie.png,jennie,"Dancing woman img, neon club, euphoric face, silver jumpsuit",0.5115087032318115,0.9583333333333334,1.0
CL37,18000,30,Angry woma_jennie.png,jennie,"Angry woman img, traffic jam, scowling face, dark suit",0.6386816501617432,0.9152978734359714,1.0
CL37,18000,31,Crying wom_jennie.png,jennie,"Crying woman img, stormy alley, tearful face, ripped jeans",0.5720556974411011,0.9791110702125702,1.0
CL37,18000,32,Laughing w_jennie.png,jennie,"Laughing woman img, carnival wheel, carefree laugh, polka-dot shirt",0.6138546466827393,0.9595551061678463,1.0
CL37,18000,33,Jumping wo_jennie.png,jennie,"Jumping woman img, beach sunset, ecstatic face, blue tank top",0.3989514112472534,0.9497645211930926,1.0
CL37,18000,34,Night-ride_jennie.png,jennie,"Night-ride biker woman img, neon city, excited face, reflective vest",0.65816330909729,0.9735453458101738,1.0
CL37,18000,35,Chef woman_jennie.png,jennie,"Chef woman img, bustling kitchen, proud grin, tall white toque",0.5897611379623413,0.90788877515061,2.0
CL37,18000,36,Reading pa_jensen.png,jensen,"Reading paper man img, park bench, calm face, grey overcoat",0.6343321204185486,0.9661143689243968,1.0
CL37,18000,37,Rushing ma_jensen.png,jensen,"Rushing man img portrait, subway platform, anxious face, swinging briefcase",0.6256270408630371,0.9614505362438113,1.0
CL37,18000,38,Skiing man_jensen.png,jensen,"Skiing man img, snowy slope, fearless grin, orange goggles",0.4916199743747711,0.8809538979656851,1.0
CL37,18000,39,Drumming m_jensen.png,jensen,"Drumming man img, rock concert in rain, passionate angry face, black t-shirt",0.6145852208137512,0.9354468085106383,1.0
CL37,18000,40,Kickboxing_jensen.png,jensen,"Kickboxing man img, gym ring, fierce roar face, sweatband",0.5047274231910706,0.9217886740331491,1.0
CL37,18000,41,Dancing ma_jensen.png,jensen,"Dancing man img, neon club, euphoric face, silver jumpsuit",0.5317026972770691,0.8418352967701933,1.0
CL37,18000,42,Angry man _jensen.png,jensen,"Angry man img, traffic jam, scowling face, dark suit",0.6136875748634338,0.92633282234713,1.0
CL37,18000,43,Crying man_jensen.png,jensen,"Crying man img, stormy alley, tearful face, ripped jeans",0.667805552482605,0.9407745847388872,1.0
CL37,18000,44,Laughing m_jensen.png,jensen,"Laughing man img, carnival wheel, carefree laugh, polka-dot shirt",0.6238490343093872,0.9284525790349417,1.0
CL37,18000,45,Jumping ma_jensen.png,jensen,"Jumping man img, beach sunset, ecstatic face, blue tank top",0.519046425819397,0.9041263621892984,1.0
CL37,18000,46,Night-ride_jensen.png,jensen,"Night-ride biker man img, neon city, excited face, reflective vest",0.4924314618110657,0.9409055839521651,1.0
CL37,18000,47,Chef man i_jensen.png,jensen,"Chef man img, bustling kitchen, proud grin, tall white toque",0.528263509273529,0.918282354042208,2.0
CL37,18000,48,Reading pa_jisoo.png,jisoo,"Reading paper woman img, park bench, calm face, grey overcoat",0.6098174452781677,0.9590040241448692,1.0
CL37,18000,49,Rushing wo_jisoo.png,jisoo,"Rushing woman img portrait, subway platform, anxious face, swinging briefcase",0.6308055520057678,0.9477335464187128,1.0
CL37,18000,50,Skiing wom_jisoo.png,jisoo,"Skiing woman img, snowy slope, fearless grin, orange goggles",0.3954169750213623,0.9711820825898189,1.0
CL37,18000,51,Drumming w_jisoo.png,jisoo,"Drumming woman img, rock concert in rain, passionate angry face, black t-shirt",0.6297538876533508,0.9879518072289156,1.0
CL37,18000,52,Kickboxing_jisoo.png,jisoo,"Kickboxing woman img, gym ring, fierce roar face, sweatband",0.624019980430603,0.9924964677156065,1.0
CL37,18000,53,Dancing wo_jisoo.png,jisoo,"Dancing woman img, neon club, euphoric face, silver jumpsuit",0.4470941424369812,0.9271962259339539,1.0
CL37,18000,54,Angry woma_jisoo.png,jisoo,"Angry woman img, traffic jam, scowling face, dark suit",0.626720666885376,0.9347033374536465,1.0
CL37,18000,55,Crying wom_jisoo.png,jisoo,"Crying woman img, stormy alley, tearful face, ripped jeans",0.5769376158714294,0.8757722859664607,1.0
CL37,18000,56,Laughing w_jisoo.png,jisoo,"Laughing woman img, carnival wheel, carefree laugh, polka-dot shirt",0.6179993748664856,0.9276531383917318,1.0
CL37,18000,57,Jumping wo_jisoo.png,jisoo,"Jumping woman img, beach sunset, ecstatic face, blue tank top",0.3915254771709442,0.9387588013754707,1.0
CL37,18000,58,Night-ride_jisoo.png,jisoo,"Night-ride biker woman img, neon city, excited face, reflective vest",0.6091208457946777,0.9578919837844907,1.0
CL37,18000,59,Chef woman_jisoo.png,jisoo,"Chef woman img, bustling kitchen, proud grin, tall white toque",0.6174873113632202,0.917498099213307,2.0
CL37,18000,60,Reading pa_keanu.png,keanu,"Reading paper man img, park bench, calm face, grey overcoat",0.6042261719703674,0.974540672827556,1.0
CL37,18000,61,Rushing ma_keanu.png,keanu,"Rushing man img portrait, subway platform, anxious face, swinging briefcase",0.6158581376075745,0.9673598315346144,1.0
CL37,18000,62,Skiing man_keanu.png,keanu,"Skiing man img, snowy slope, fearless grin, orange goggles",0.34933242201805115,0.8816814693709218,1.0
CL37,18000,63,Drumming m_keanu.png,keanu,"Drumming man img, rock concert in rain, passionate angry face, black t-shirt",0.5667978525161743,0.9252470477513612,1.0
CL37,18000,64,Kickboxing_keanu.png,keanu,"Kickboxing man img, gym ring, fierce roar face, sweatband",0.5581251382827759,0.9314279761735655,1.0
CL37,18000,65,Dancing ma_keanu.png,keanu,"Dancing man img, neon club, euphoric face, silver jumpsuit",0.3892548680305481,0.964191616766467,1.0
CL37,18000,66,Angry man _keanu.png,keanu,"Angry man img, traffic jam, scowling face, dark suit",0.6254028677940369,0.9457411039506864,1.0
CL37,18000,67,Crying man_keanu.png,keanu,"Crying man img, stormy alley, tearful face, ripped jeans",0.599030077457428,0.9464655001888184,1.0
CL37,18000,68,Laughing m_keanu.png,keanu,"Laughing man img, carnival wheel, carefree laugh, polka-dot shirt",0.4919208288192749,0.9796954314720813,1.0
CL37,18000,69,Jumping ma_keanu.png,keanu,"Jumping man img, beach sunset, ecstatic face, blue tank top",0.35741108655929565,0.9129720853858785,1.0
CL37,18000,70,Night-ride_keanu.png,keanu,"Night-ride biker man img, neon city, excited face, reflective vest",0.5259028673171997,0.9087585767312811,1.0
CL37,18000,71,Chef man i_keanu.png,keanu,"Chef man img, bustling kitchen, proud grin, tall white toque",0.5769868493080139,0.8981849769121748,2.0
CL37,18000,72,Reading pa_lex.png,lex,"Reading paper man img, park bench, calm face, grey overcoat",0.5053724050521851,0.9418604651162791,1.0
CL37,18000,73,Rushing ma_lex.png,lex,"Rushing man img portrait, subway platform, anxious face, swinging briefcase",0.6303529739379883,0.9726744578801594,1.0
CL37,18000,74,Skiing man_lex.png,lex,"Skiing man img, snowy slope, fearless grin, orange goggles",0.3720134496688843,0.9848897620271816,1.0
CL37,18000,75,Drumming m_lex.png,lex,"Drumming man img, rock concert in rain, passionate angry face, black t-shirt",0.5005031228065491,0.941771787615713,1.0
CL37,18000,76,Kickboxing_lex.png,lex,"Kickboxing man img, gym ring, fierce roar face, sweatband",0.5956091284751892,0.9673736598940402,1.0
CL37,18000,77,Dancing ma_lex.png,lex,"Dancing man img, neon club, euphoric face, silver jumpsuit",0.23263497650623322,0.849364903193982,1.0
CL37,18000,78,Angry man _lex.png,lex,"Angry man img, traffic jam, scowling face, dark suit",0.5281590819358826,0.9306566763271364,1.0
CL37,18000,79,Crying man_lex.png,lex,"Crying man img, stormy alley, tearful face, ripped jeans",0.41005194187164307,0.9528039977790117,1.0
CL37,18000,80,Laughing m_lex.png,lex,"Laughing man img, carnival wheel, carefree laugh, polka-dot shirt",0.557403564453125,0.8937967873239255,1.0
CL37,18000,81,Jumping ma_lex.png,lex,"Jumping man img, beach sunset, ecstatic face, blue tank top",0.27363795042037964,0.8889802631578947,1.0
CL37,18000,82,Night-ride_lex.png,lex,"Night-ride biker man img, neon city, excited face, reflective vest",0.5736847519874573,0.9551178722546847,1.0
CL37,18000,83,Chef man i_lex.png,lex,"Chef man img, bustling kitchen, proud grin, tall white toque",0.42279645800590515,0.927269980359571,2.0
CL37,18000,84,Reading pa_marion.png,marion,"Reading paper woman img, park bench, calm face, grey overcoat",0.5752059817314148,0.9760123659402313,1.0
CL37,18000,85,Rushing wo_marion.png,marion,"Rushing woman img portrait, subway platform, anxious face, swinging briefcase",0.5480446815490723,0.9539433337421808,1.0
CL37,18000,86,Skiing wom_marion.png,marion,"Skiing woman img, snowy slope, fearless grin, orange goggles",0.2526645064353943,0.8895426312817617,1.0
CL37,18000,87,Drumming w_marion.png,marion,"Drumming woman img, rock concert in rain, passionate angry face, black t-shirt",0.47459277510643005,0.9170848692099303,1.0
CL37,18000,88,Kickboxing_marion.png,marion,"Kickboxing woman img, gym ring, fierce roar face, sweatband",0.5713139772415161,0.9387279871925484,1.0
CL37,18000,89,Dancing wo_marion.png,marion,"Dancing woman img, neon club, euphoric face, silver jumpsuit",0.4275782108306885,0.9521303511790304,1.0
CL37,18000,90,Angry woma_marion.png,marion,"Angry woman img, traffic jam, scowling face, dark suit",0.4506334960460663,0.8896580806128545,1.0
CL37,18000,91,Crying wom_marion.png,marion,"Crying woman img, stormy alley, tearful face, ripped jeans",0.5607714653015137,0.8958864215507827,1.0
CL37,18000,92,Laughing w_marion.png,marion,"Laughing woman img, carnival wheel, carefree laugh, polka-dot shirt",0.4184545874595642,0.908476039717945,1.0
CL37,18000,93,Jumping wo_marion.png,marion,"Jumping woman img, beach sunset, ecstatic face, blue tank top",0.39417946338653564,0.9392511352926056,1.0
CL37,18000,94,Night-ride_marion.png,marion,"Night-ride biker woman img, neon city, excited face, reflective vest",0.5642431378364563,0.9146607278241091,1.0
CL37,18000,95,Chef woman_marion.png,marion,"Chef woman img, bustling kitchen, proud grin, tall white toque",0.5090757012367249,0.9214890295011916,2.0
